fact_id,firm_id,metric,period_end,basis,scope,raw_value,source_unit,multiplier,sign_adjustment,value_normalized,disclosed_date,document_id,page,url
1207684829:assets:2019-12-31:END:consolidated,000333.SZ,assets,2019-12-31,END,consolidated,301955419,CNY_thousand,1000,1,301955419000,2020-04-30,1207684829,8,https://static.cninfo.com.cn/finalpage/2020-04-30/1207684829.PDF
1207684829:ocf:2019-12-31:YTD:consolidated,000333.SZ,ocf,2019-12-31,YTD,consolidated,38590404,CNY_thousand,1000,1,38590404000,2020-04-30,1207684829,8,https://static.cninfo.com.cn/finalpage/2020-04-30/1207684829.PDF
1207684829:parent_profit:2019-12-31:YTD:parent_attributable,000333.SZ,parent_profit,2019-12-31,YTD,parent_attributable,24211222,CNY_thousand,1000,1,24211222000,2020-04-30,1207684829,8,https://static.cninfo.com.cn/finalpage/2020-04-30/1207684829.PDF
1207684829:revenue:2019-12-31:YTD:consolidated,000333.SZ,revenue,2019-12-31,YTD,consolidated,278216017,CNY_thousand,1000,1,278216017000,2020-04-30,1207684829,8,https://static.cninfo.com.cn/finalpage/2020-04-30/1207684829.PDF
1209870336:assets:2020-12-31:END:consolidated,000333.SZ,assets,2020-12-31,END,consolidated,360382603,CNY_thousand,1000,1,360382603000,2021-04-30,1209870336,9,https://static.cninfo.com.cn/finalpage/2021-04-30/1209870336.PDF
1209870336:ocf:2020-12-31:YTD:consolidated,000333.SZ,ocf,2020-12-31,YTD,consolidated,29557117,CNY_thousand,1000,1,29557117000,2021-04-30,1209870336,9,https://static.cninfo.com.cn/finalpage/2021-04-30/1209870336.PDF
1209870336:parent_profit:2020-12-31:YTD:parent_attributable,000333.SZ,parent_profit,2020-12-31,YTD,parent_attributable,27222969,CNY_thousand,1000,1,27222969000,2021-04-30,1209870336,9,https://static.cninfo.com.cn/finalpage/2021-04-30/1209870336.PDF
1209870336:revenue:2020-12-31:YTD:consolidated,000333.SZ,revenue,2020-12-31,YTD,consolidated,284221249,CNY_thousand,1000,1,284221249000,2021-04-30,1209870336,9,https://static.cninfo.com.cn/finalpage/2021-04-30/1209870336.PDF
1213264815:assets:2021-12-31:END:consolidated,000333.SZ,assets,2021-12-31,END,consolidated,387946104,CNY_thousand,1000,1,387946104000,2022-04-30,1213264815,10,https://static.cninfo.com.cn/finalpage/2022-04-30/1213264815.PDF
1213264815:ocf:2021-12-31:YTD:consolidated,000333.SZ,ocf,2021-12-31,YTD,consolidated,35091704,CNY_thousand,1000,1,35091704000,2022-04-30,1213264815,9,https://static.cninfo.com.cn/finalpage/2022-04-30/1213264815.PDF
1213264815:parent_profit:2021-12-31:YTD:parent_attributable,000333.SZ,parent_profit,2021-12-31,YTD,parent_attributable,28573650,CNY_thousand,1000,1,28573650000,2022-04-30,1213264815,9,https://static.cninfo.com.cn/finalpage/2022-04-30/1213264815.PDF
1213264815:revenue:2021-12-31:YTD:consolidated,000333.SZ,revenue,2021-12-31,YTD,consolidated,341233208,CNY_thousand,1000,1,341233208000,2022-04-30,1213264815,9,https://static.cninfo.com.cn/finalpage/2022-04-30/1213264815.PDF
1216695045:assets:2022-12-31:END:consolidated,000333.SZ,assets,2022-12-31,END,consolidated,422555267,CNY_thousand,1000,1,422555267000,2023-04-29,1216695045,9,https://static.cninfo.com.cn/finalpage/2023-04-29/1216695045.PDF
1216695045:ocf:2022-12-31:YTD:consolidated,000333.SZ,ocf,2022-12-31,YTD,consolidated,34657828,CNY_thousand,1000,1,34657828000,2023-04-29,1216695045,9,https://static.cninfo.com.cn/finalpage/2023-04-29/1216695045.PDF
1216695045:parent_profit:2022-12-31:YTD:parent_attributable,000333.SZ,parent_profit,2022-12-31,YTD,parent_attributable,29553507,CNY_thousand,1000,1,29553507000,2023-04-29,1216695045,9,https://static.cninfo.com.cn/finalpage/2023-04-29/1216695045.PDF
1216695045:revenue:2022-12-31:YTD:consolidated,000333.SZ,revenue,2022-12-31,YTD,consolidated,343917531,CNY_thousand,1000,1,343917531000,2023-04-29,1216695045,9,https://static.cninfo.com.cn/finalpage/2023-04-29/1216695045.PDF
1218197346:net_profit:2023-09-30:YTD:consolidated,003032.SZ,net_profit,2023-09-30,YTD,consolidated,101831814.16,CNY,1,1,101831814.16,2023-10-31,1218197346,7,https://static.cninfo.com.cn/finalpage/2023-10-31/1218197346.PDF
1218197346:ocf:2023-09-30:YTD:consolidated,003032.SZ,ocf,2023-09-30,YTD,consolidated,36385115.77,CNY,1,1,36385115.77,2023-10-31,1218197346,8,https://static.cninfo.com.cn/finalpage/2023-10-31/1218197346.PDF
1219429374:assets:2023-12-31:END:consolidated,000333.SZ,assets,2023-12-31,END,consolidated,486038184,CNY_thousand,1000,1,486038184000,2024-03-28,1219429374,10,https://static.cninfo.com.cn/finalpage/2024-03-28/1219429374.PDF
1219429374:ocf:2023-12-31:YTD:consolidated,000333.SZ,ocf,2023-12-31,YTD,consolidated,57902611,CNY_thousand,1000,1,57902611000,2024-03-28,1219429374,10,https://static.cninfo.com.cn/finalpage/2024-03-28/1219429374.PDF
1219429374:parent_profit:2023-12-31:YTD:parent_attributable,000333.SZ,parent_profit,2023-12-31,YTD,parent_attributable,33719935,CNY_thousand,1000,1,33719935000,2024-03-28,1219429374,10,https://static.cninfo.com.cn/finalpage/2024-03-28/1219429374.PDF
1219429374:revenue:2023-12-31:YTD:consolidated,000333.SZ,revenue,2023-12-31,YTD,consolidated,372037280,CNY_thousand,1000,1,372037280000,2024-03-28,1219429374,10,https://static.cninfo.com.cn/finalpage/2024-03-28/1219429374.PDF
1219619115:net_profit:2023-12-31:YTD:consolidated,003032.SZ,net_profit,2023-12-31,YTD,consolidated,15629778.25,CNY,1,1,15629778.25,2024-04-16,1219619115,75,https://static.cninfo.com.cn/finalpage/2024-04-16/1219619115.PDF
1219619115:ocf:2023-12-31:YTD:consolidated,003032.SZ,ocf,2023-12-31,YTD,consolidated,-519670.45,CNY,1,1,-519670.45,2024-04-16,1219619115,77,https://static.cninfo.com.cn/finalpage/2024-04-16/1219619115.PDF
1219815453:net_profit:2024-03-31:YTD:consolidated,003032.SZ,net_profit,2024-03-31,YTD,consolidated,-16006587.45,CNY,1,1,-16006587.45,2024-04-26,1219815453,7,https://static.cninfo.com.cn/finalpage/2024-04-26/1219815453.PDF
1219815453:ocf:2024-03-31:YTD:consolidated,003032.SZ,ocf,2024-03-31,YTD,consolidated,-41967523.12,CNY,1,1,-41967523.12,2024-04-26,1219815453,2,https://static.cninfo.com.cn/finalpage/2024-04-26/1219815453.PDF
1219910111:assets:2024-03-31:END:consolidated,000333.SZ,assets,2024-03-31,END,consolidated,497968468,CNY_thousand,1000,1,497968468000,2024-04-30,1219910111,2,https://static.cninfo.com.cn/finalpage/2024-04-30/1219910111.PDF
1219910111:cogs:2024-03-31:YTD:consolidated,000333.SZ,cogs,2024-03-31,YTD,consolidated,-77114398,CNY_thousand,1000,-1,77114398000,2024-04-30,1219910111,9,https://static.cninfo.com.cn/finalpage/2024-04-30/1219910111.PDF
1219910111:net_profit:2024-03-31:YTD:consolidated,000333.SZ,net_profit,2024-03-31,YTD,consolidated,9036321,CNY_thousand,1000,1,9036321000,2024-04-30,1219910111,9,https://static.cninfo.com.cn/finalpage/2024-04-30/1219910111.PDF
1219910111:ocf:2024-03-31:YTD:consolidated,000333.SZ,ocf,2024-03-31,YTD,consolidated,13928908,CNY_thousand,1000,1,13928908000,2024-04-30,1219910111,2,https://static.cninfo.com.cn/finalpage/2024-04-30/1219910111.PDF
1219910111:parent_profit:2024-03-31:YTD:parent_attributable,000333.SZ,parent_profit,2024-03-31,YTD,parent_attributable,9000007,CNY_thousand,1000,1,9000007000,2024-04-30,1219910111,2,https://static.cninfo.com.cn/finalpage/2024-04-30/1219910111.PDF
1219910111:revenue:2024-03-31:YTD:consolidated,000333.SZ,revenue,2024-03-31,YTD,consolidated,106101612,CNY_thousand,1000,1,106101612000,2024-04-30,1219910111,2,https://static.cninfo.com.cn/finalpage/2024-04-30/1219910111.PDF
1219910111:selling_expense:2024-03-31:YTD:consolidated,000333.SZ,selling_expense,2024-03-31,YTD,consolidated,-10629812,CNY_thousand,1000,-1,10629812000,2024-04-30,1219910111,9,https://static.cninfo.com.cn/finalpage/2024-04-30/1219910111.PDF
1220909926:assets:2024-06-30:END:consolidated,000333.SZ,assets,2024-06-30,END,consolidated,506631909,CNY_thousand,1000,1,506631909000,2024-08-20,1220909926,7,https://static.cninfo.com.cn/finalpage/2024-08-20/1220909926.PDF
1220909926:ocf:2024-06-30:YTD:consolidated,000333.SZ,ocf,2024-06-30,YTD,consolidated,33488170,CNY_thousand,1000,1,33488170000,2024-08-20,1220909926,7,https://static.cninfo.com.cn/finalpage/2024-08-20/1220909926.PDF
1220909926:parent_profit:2024-06-30:YTD:parent_attributable,000333.SZ,parent_profit,2024-06-30,YTD,parent_attributable,20804176,CNY_thousand,1000,1,20804176000,2024-08-20,1220909926,7,https://static.cninfo.com.cn/finalpage/2024-08-20/1220909926.PDF
1220909926:revenue:2024-06-30:YTD:consolidated,000333.SZ,revenue,2024-06-30,YTD,consolidated,217274086,CNY_thousand,1000,1,217274086000,2024-08-20,1220909926,7,https://static.cninfo.com.cn/finalpage/2024-08-20/1220909926.PDF
1221024255:net_profit:2024-06-30:YTD:consolidated,003032.SZ,net_profit,2024-06-30,YTD,consolidated,-34224689.12,CNY,1,1,-34224689.12,2024-08-29,1221024255,43,https://static.cninfo.com.cn/finalpage/2024-08-29/1221024255.PDF
1221024255:ocf:2024-06-30:YTD:consolidated,003032.SZ,ocf,2024-06-30,YTD,consolidated,-63560318.64,CNY,1,1,-63560318.64,2024-08-29,1221024255,45,https://static.cninfo.com.cn/finalpage/2024-08-29/1221024255.PDF
1221568311:net_profit:2024-09-30:YTD:consolidated,003032.SZ,net_profit,2024-09-30,YTD,consolidated,-41218563.64,CNY,1,1,-41218563.64,2024-10-31,1221568311,7,https://static.cninfo.com.cn/finalpage/2024-10-31/1221568311.PDF
1221568311:ocf:2024-09-30:YTD:consolidated,003032.SZ,ocf,2024-09-30,YTD,consolidated,-44770764.02,CNY,1,1,-44770764.02,2024-10-31,1221568311,8,https://static.cninfo.com.cn/finalpage/2024-10-31/1221568311.PDF
1221570980:assets:2024-09-30:END:consolidated,000333.SZ,assets,2024-09-30,END,consolidated,567150337,CNY_thousand,1000,1,567150337000,2024-10-31,1221570980,2,https://static.cninfo.com.cn/finalpage/2024-10-31/1221570980.PDF
1221570980:ocf:2024-09-30:YTD:consolidated,000333.SZ,ocf,2024-09-30,YTD,consolidated,60263681,CNY_thousand,1000,1,60263681000,2024-10-31,1221570980,2,https://static.cninfo.com.cn/finalpage/2024-10-31/1221570980.PDF
1221570980:parent_profit:2024-09-30:YTD:parent_attributable,000333.SZ,parent_profit,2024-09-30,YTD,parent_attributable,31699114,CNY_thousand,1000,1,31699114000,2024-10-31,1221570980,2,https://static.cninfo.com.cn/finalpage/2024-10-31/1221570980.PDF
1221570980:revenue:2024-09-30:YTD:consolidated,000333.SZ,revenue,2024-09-30,YTD,consolidated,318974661,CNY_thousand,1000,1,318974661000,2024-10-31,1221570980,2,https://static.cninfo.com.cn/finalpage/2024-10-31/1221570980.PDF
1222951181:assets:2023-12-31:END:consolidated,000333.SZ,assets,2023-12-31,END,consolidated,486038184,CNY_thousand,1000,1,486038184000,2025-03-29,1222951181,156,https://static.cninfo.com.cn/finalpage/2025-03-29/1222951181.PDF
1222951181:assets:2024-12-31:END:consolidated,000333.SZ,assets,2024-12-31,END,consolidated,604351853,CNY_thousand,1000,1,604351853000,2025-03-29,1222951181,10,https://static.cninfo.com.cn/finalpage/2025-03-29/1222951181.PDF
1222951181:capex_cash:2023-12-31:YTD:consolidated,000333.SZ,capex_cash,2023-12-31,YTD,consolidated,-6314051,CNY_thousand,1000,-1,6314051000,2025-03-29,1222951181,160,https://static.cninfo.com.cn/finalpage/2025-03-29/1222951181.PDF
1222951181:capex_cash:2024-12-31:YTD:consolidated,000333.SZ,capex_cash,2024-12-31,YTD,consolidated,-7839636,CNY_thousand,1000,-1,7839636000,2025-03-29,1222951181,160,https://static.cninfo.com.cn/finalpage/2025-03-29/1222951181.PDF
1222951181:cogs:2023-12-31:YTD:consolidated,000333.SZ,cogs,2023-12-31,YTD,consolidated,-276409404,CNY_thousand,1000,-1,276409404000,2025-03-29,1222951181,158,https://static.cninfo.com.cn/finalpage/2025-03-29/1222951181.PDF
1222951181:cogs:2024-12-31:YTD:consolidated,000333.SZ,cogs,2024-12-31,YTD,consolidated,-299584935,CNY_thousand,1000,-1,299584935000,2025-03-29,1222951181,158,https://static.cninfo.com.cn/finalpage/2025-03-29/1222951181.PDF
1222951181:current_assets:2023-12-31:END:consolidated,000333.SZ,current_assets,2023-12-31,END,consolidated,281320980,CNY_thousand,1000,1,281320980000,2025-03-29,1222951181,156,https://static.cninfo.com.cn/finalpage/2025-03-29/1222951181.PDF
1222951181:current_assets:2024-12-31:END:consolidated,000333.SZ,current_assets,2024-12-31,END,consolidated,389063786,CNY_thousand,1000,1,389063786000,2025-03-29,1222951181,156,https://static.cninfo.com.cn/finalpage/2025-03-29/1222951181.PDF
1222951181:current_liabilities:2023-12-31:END:consolidated,000333.SZ,current_liabilities,2023-12-31,END,consolidated,251245721,CNY_thousand,1000,1,251245721000,2025-03-29,1222951181,157,https://static.cninfo.com.cn/finalpage/2025-03-29/1222951181.PDF
1222951181:current_liabilities:2024-12-31:END:consolidated,000333.SZ,current_liabilities,2024-12-31,END,consolidated,351819806,CNY_thousand,1000,1,351819806000,2025-03-29,1222951181,157,https://static.cninfo.com.cn/finalpage/2025-03-29/1222951181.PDF
1222951181:equity:2023-12-31:END:consolidated,000333.SZ,equity,2023-12-31,END,consolidated,174299649,CNY_thousand,1000,1,174299649000,2025-03-29,1222951181,157,https://static.cninfo.com.cn/finalpage/2025-03-29/1222951181.PDF
1222951181:equity:2024-12-31:END:consolidated,000333.SZ,equity,2024-12-31,END,consolidated,227667391,CNY_thousand,1000,1,227667391000,2025-03-29,1222951181,157,https://static.cninfo.com.cn/finalpage/2025-03-29/1222951181.PDF
1222951181:interest_expense:2023-12-31:YTD:consolidated,000333.SZ,interest_expense,2023-12-31,YTD,consolidated,2808104,CNY_thousand,1000,1,2808104000,2025-03-29,1222951181,158,https://static.cninfo.com.cn/finalpage/2025-03-29/1222951181.PDF
1222951181:interest_expense:2024-12-31:YTD:consolidated,000333.SZ,interest_expense,2024-12-31,YTD,consolidated,2453361,CNY_thousand,1000,1,2453361000,2025-03-29,1222951181,158,https://static.cninfo.com.cn/finalpage/2025-03-29/1222951181.PDF
1222951181:inventory:2023-12-31:END:consolidated,000333.SZ,inventory,2023-12-31,END,consolidated,47339255,CNY_thousand,1000,1,47339255000,2025-03-29,1222951181,156,https://static.cninfo.com.cn/finalpage/2025-03-29/1222951181.PDF
1222951181:inventory:2024-12-31:END:consolidated,000333.SZ,inventory,2024-12-31,END,consolidated,63339188,CNY_thousand,1000,1,63339188000,2025-03-29,1222951181,156,https://static.cninfo.com.cn/finalpage/2025-03-29/1222951181.PDF
1222951181:liabilities:2023-12-31:END:consolidated,000333.SZ,liabilities,2023-12-31,END,consolidated,311738535,CNY_thousand,1000,1,311738535000,2025-03-29,1222951181,157,https://static.cninfo.com.cn/finalpage/2025-03-29/1222951181.PDF
1222951181:liabilities:2024-12-31:END:consolidated,000333.SZ,liabilities,2024-12-31,END,consolidated,376684462,CNY_thousand,1000,1,376684462000,2025-03-29,1222951181,157,https://static.cninfo.com.cn/finalpage/2025-03-29/1222951181.PDF
1222951181:management_expense:2023-12-31:YTD:consolidated,000333.SZ,management_expense,2023-12-31,YTD,consolidated,-13476908,CNY_thousand,1000,-1,13476908000,2025-03-29,1222951181,158,https://static.cninfo.com.cn/finalpage/2025-03-29/1222951181.PDF
1222951181:management_expense:2024-12-31:YTD:consolidated,000333.SZ,management_expense,2024-12-31,YTD,consolidated,-14505864,CNY_thousand,1000,-1,14505864000,2025-03-29,1222951181,158,https://static.cninfo.com.cn/finalpage/2025-03-29/1222951181.PDF
1222951181:net_profit:2023-12-31:YTD:consolidated,000333.SZ,net_profit,2023-12-31,YTD,consolidated,33745352,CNY_thousand,1000,1,33745352000,2025-03-29,1222951181,158,https://static.cninfo.com.cn/finalpage/2025-03-29/1222951181.PDF
1222951181:net_profit:2024-12-31:YTD:consolidated,000333.SZ,net_profit,2024-12-31,YTD,consolidated,38757214,CNY_thousand,1000,1,38757214000,2025-03-29,1222951181,158,https://static.cninfo.com.cn/finalpage/2025-03-29/1222951181.PDF
1222951181:ocf:2023-12-31:YTD:consolidated,000333.SZ,ocf,2023-12-31,YTD,consolidated,57902611,CNY_thousand,1000,1,57902611000,2025-03-29,1222951181,160,https://static.cninfo.com.cn/finalpage/2025-03-29/1222951181.PDF
1222951181:ocf:2024-03-31:QUARTER:consolidated,000333.SZ,ocf,2024-03-31,QUARTER,consolidated,13928908,CNY_thousand,1000,1,13928908000,2025-03-29,1222951181,10,https://static.cninfo.com.cn/finalpage/2025-03-29/1222951181.PDF
1222951181:ocf:2024-06-30:QUARTER:consolidated,000333.SZ,ocf,2024-06-30,QUARTER,consolidated,19559262,CNY_thousand,1000,1,19559262000,2025-03-29,1222951181,10,https://static.cninfo.com.cn/finalpage/2025-03-29/1222951181.PDF
1222951181:ocf:2024-09-30:QUARTER:consolidated,000333.SZ,ocf,2024-09-30,QUARTER,consolidated,26775511,CNY_thousand,1000,1,26775511000,2025-03-29,1222951181,10,https://static.cninfo.com.cn/finalpage/2025-03-29/1222951181.PDF
1222951181:ocf:2024-12-31:QUARTER:consolidated,000333.SZ,ocf,2024-12-31,QUARTER,consolidated,247891,CNY_thousand,1000,1,247891000,2025-03-29,1222951181,10,https://static.cninfo.com.cn/finalpage/2025-03-29/1222951181.PDF
1222951181:ocf:2024-12-31:YTD:consolidated,000333.SZ,ocf,2024-12-31,YTD,consolidated,60511572,CNY_thousand,1000,1,60511572000,2025-03-29,1222951181,9,https://static.cninfo.com.cn/finalpage/2025-03-29/1222951181.PDF
1222951181:operating_profit:2023-12-31:YTD:consolidated,000333.SZ,operating_profit,2023-12-31,YTD,consolidated,40317441,CNY_thousand,1000,1,40317441000,2025-03-29,1222951181,158,https://static.cninfo.com.cn/finalpage/2025-03-29/1222951181.PDF
1222951181:operating_profit:2024-12-31:YTD:consolidated,000333.SZ,operating_profit,2024-12-31,YTD,consolidated,46393752,CNY_thousand,1000,1,46393752000,2025-03-29,1222951181,158,https://static.cninfo.com.cn/finalpage/2025-03-29/1222951181.PDF
1222951181:parent_profit:2024-03-31:QUARTER:parent_attributable,000333.SZ,parent_profit,2024-03-31,QUARTER,parent_attributable,9000007,CNY_thousand,1000,1,9000007000,2025-03-29,1222951181,10,https://static.cninfo.com.cn/finalpage/2025-03-29/1222951181.PDF
1222951181:parent_profit:2024-06-30:QUARTER:parent_attributable,000333.SZ,parent_profit,2024-06-30,QUARTER,parent_attributable,11804169,CNY_thousand,1000,1,11804169000,2025-03-29,1222951181,10,https://static.cninfo.com.cn/finalpage/2025-03-29/1222951181.PDF
1222951181:parent_profit:2024-09-30:QUARTER:parent_attributable,000333.SZ,parent_profit,2024-09-30,QUARTER,parent_attributable,10894938,CNY_thousand,1000,1,10894938000,2025-03-29,1222951181,10,https://static.cninfo.com.cn/finalpage/2025-03-29/1222951181.PDF
1222951181:parent_profit:2024-12-31:QUARTER:parent_attributable,000333.SZ,parent_profit,2024-12-31,QUARTER,parent_attributable,6838123,CNY_thousand,1000,1,6838123000,2025-03-29,1222951181,10,https://static.cninfo.com.cn/finalpage/2025-03-29/1222951181.PDF
1222951181:parent_profit:2024-12-31:YTD:parent_attributable,000333.SZ,parent_profit,2024-12-31,YTD,parent_attributable,38537237,CNY_thousand,1000,1,38537237000,2025-03-29,1222951181,9,https://static.cninfo.com.cn/finalpage/2025-03-29/1222951181.PDF
1222951181:profit_before_tax:2023-12-31:YTD:consolidated,000333.SZ,profit_before_tax,2023-12-31,YTD,consolidated,40277163,CNY_thousand,1000,1,40277163000,2025-03-29,1222951181,158,https://static.cninfo.com.cn/finalpage/2025-03-29/1222951181.PDF
1222951181:profit_before_tax:2024-12-31:YTD:consolidated,000333.SZ,profit_before_tax,2024-12-31,YTD,consolidated,46689746,CNY_thousand,1000,1,46689746000,2025-03-29,1222951181,158,https://static.cninfo.com.cn/finalpage/2025-03-29/1222951181.PDF
1222951181:receivables:2023-12-31:END:consolidated,000333.SZ,receivables,2023-12-31,END,consolidated,32884739,CNY_thousand,1000,1,32884739000,2025-03-29,1222951181,156,https://static.cninfo.com.cn/finalpage/2025-03-29/1222951181.PDF
1222951181:receivables:2024-12-31:END:consolidated,000333.SZ,receivables,2024-12-31,END,consolidated,35798974,CNY_thousand,1000,1,35798974000,2025-03-29,1222951181,156,https://static.cninfo.com.cn/finalpage/2025-03-29/1222951181.PDF
1222951181:revenue:2023-12-31:YTD:consolidated,000333.SZ,revenue,2023-12-31,YTD,consolidated,372037280,CNY_thousand,1000,1,372037280000,2025-03-29,1222951181,158,https://static.cninfo.com.cn/finalpage/2025-03-29/1222951181.PDF
1222951181:revenue:2024-03-31:QUARTER:consolidated,000333.SZ,revenue,2024-03-31,QUARTER,consolidated,106101612,CNY_thousand,1000,1,106101612000,2025-03-29,1222951181,10,https://static.cninfo.com.cn/finalpage/2025-03-29/1222951181.PDF
1222951181:revenue:2024-06-30:QUARTER:consolidated,000333.SZ,revenue,2024-06-30,QUARTER,consolidated,111172474,CNY_thousand,1000,1,111172474000,2025-03-29,1222951181,10,https://static.cninfo.com.cn/finalpage/2025-03-29/1222951181.PDF
1222951181:revenue:2024-09-30:QUARTER:consolidated,000333.SZ,revenue,2024-09-30,QUARTER,consolidated,101700575,CNY_thousand,1000,1,101700575000,2025-03-29,1222951181,10,https://static.cninfo.com.cn/finalpage/2025-03-29/1222951181.PDF
1222951181:revenue:2024-12-31:QUARTER:consolidated,000333.SZ,revenue,2024-12-31,QUARTER,consolidated,88174939,CNY_thousand,1000,1,88174939000,2025-03-29,1222951181,10,https://static.cninfo.com.cn/finalpage/2025-03-29/1222951181.PDF
1222951181:revenue:2024-12-31:YTD:consolidated,000333.SZ,revenue,2024-12-31,YTD,consolidated,407149600,CNY_thousand,1000,1,407149600000,2025-03-29,1222951181,9,https://static.cninfo.com.cn/finalpage/2025-03-29/1222951181.PDF
1222951181:shares:2024-12-31:END:total_shares,000333.SZ,shares,2024-12-31,END,total_shares,7655955883,shares,1,1,7655955883,2025-03-29,1222951181,165,https://static.cninfo.com.cn/finalpage/2025-03-29/1222951181.PDF
1222974139:assets:2023-12-31:END:consolidated,000002.SZ,assets,2023-12-31,END,consolidated,1504850172117.83,CNY,1,1,1504850172117.83,2025-04-01,1222974139,151,https://static.cninfo.com.cn/finalpage/2025-04-01/1222974139.PDF
1222974139:assets:2024-12-31:END:consolidated,000002.SZ,assets,2024-12-31,END,consolidated,1286259859765.82,CNY,1,1,1286259859765.82,2025-04-01,1222974139,151,https://static.cninfo.com.cn/finalpage/2025-04-01/1222974139.PDF
1222974139:capex_cash:2023-12-31:YTD:consolidated,000002.SZ,capex_cash,2023-12-31,YTD,consolidated,8334153045.10,CNY,1,1,8334153045.10,2025-04-01,1222974139,158,https://static.cninfo.com.cn/finalpage/2025-04-01/1222974139.PDF
1222974139:capex_cash:2024-12-31:YTD:consolidated,000002.SZ,capex_cash,2024-12-31,YTD,consolidated,4519612174.60,CNY,1,1,4519612174.60,2025-04-01,1222974139,158,https://static.cninfo.com.cn/finalpage/2025-04-01/1222974139.PDF
1222974139:cogs:2023-12-31:YTD:consolidated,000002.SZ,cogs,2023-12-31,YTD,consolidated,394783859517.79,CNY,1,1,394783859517.79,2025-04-01,1222974139,252,https://static.cninfo.com.cn/finalpage/2025-04-01/1222974139.PDF
1222974139:cogs:2024-12-31:YTD:consolidated,000002.SZ,cogs,2024-12-31,YTD,consolidated,308264871439.50,CNY,1,1,308264871439.50,2025-04-01,1222974139,252,https://static.cninfo.com.cn/finalpage/2025-04-01/1222974139.PDF
1222974139:current_assets:2023-12-31:END:consolidated,000002.SZ,current_assets,2023-12-31,END,consolidated,1150260062360.68,CNY,1,1,1150260062360.68,2025-04-01,1222974139,151,https://static.cninfo.com.cn/finalpage/2025-04-01/1222974139.PDF
1222974139:current_assets:2024-12-31:END:consolidated,000002.SZ,current_assets,2024-12-31,END,consolidated,917512076855.03,CNY,1,1,917512076855.03,2025-04-01,1222974139,151,https://static.cninfo.com.cn/finalpage/2025-04-01/1222974139.PDF
1222974139:current_liabilities:2023-12-31:END:consolidated,000002.SZ,current_liabilities,2023-12-31,END,consolidated,821785258492.10,CNY,1,1,821785258492.10,2025-04-01,1222974139,152,https://static.cninfo.com.cn/finalpage/2025-04-01/1222974139.PDF
1222974139:current_liabilities:2024-12-31:END:consolidated,000002.SZ,current_liabilities,2024-12-31,END,consolidated,719061817650.72,CNY,1,1,719061817650.72,2025-04-01,1222974139,152,https://static.cninfo.com.cn/finalpage/2025-04-01/1222974139.PDF
1222974139:equity:2023-12-31:END:consolidated,000002.SZ,equity,2023-12-31,END,consolidated,402933530947.26,CNY,1,1,402933530947.26,2025-04-01,1222974139,152,https://static.cninfo.com.cn/finalpage/2025-04-01/1222974139.PDF
1222974139:equity:2024-12-31:END:consolidated,000002.SZ,equity,2024-12-31,END,consolidated,338854662483.74,CNY,1,1,338854662483.74,2025-04-01,1222974139,152,https://static.cninfo.com.cn/finalpage/2025-04-01/1222974139.PDF
1222974139:income_tax:2023-12-31:YTD:consolidated,000002.SZ,income_tax,2023-12-31,YTD,consolidated,9349869711.70,CNY,1,1,9349869711.70,2025-04-01,1222974139,155,https://static.cninfo.com.cn/finalpage/2025-04-01/1222974139.PDF
1222974139:income_tax:2024-12-31:YTD:consolidated,000002.SZ,income_tax,2024-12-31,YTD,consolidated,1517375220.94,CNY,1,1,1517375220.94,2025-04-01,1222974139,155,https://static.cninfo.com.cn/finalpage/2025-04-01/1222974139.PDF
1222974139:interest_expense:2023-12-31:YTD:consolidated,000002.SZ,interest_expense,2023-12-31,YTD,consolidated,5737473482.08,CNY,1,1,5737473482.08,2025-04-01,1222974139,155,https://static.cninfo.com.cn/finalpage/2025-04-01/1222974139.PDF
1222974139:interest_expense:2024-12-31:YTD:consolidated,000002.SZ,interest_expense,2024-12-31,YTD,consolidated,7446693379.53,CNY,1,1,7446693379.53,2025-04-01,1222974139,155,https://static.cninfo.com.cn/finalpage/2025-04-01/1222974139.PDF
1222974139:inventory:2023-12-31:END:consolidated,000002.SZ,inventory,2023-12-31,END,consolidated,701695785323.43,CNY,1,1,701695785323.43,2025-04-01,1222974139,151,https://static.cninfo.com.cn/finalpage/2025-04-01/1222974139.PDF
1222974139:inventory:2024-12-31:END:consolidated,000002.SZ,inventory,2024-12-31,END,consolidated,519009439846.78,CNY,1,1,519009439846.78,2025-04-01,1222974139,151,https://static.cninfo.com.cn/finalpage/2025-04-01/1222974139.PDF
1222974139:liabilities:2023-12-31:END:consolidated,000002.SZ,liabilities,2023-12-31,END,consolidated,1101916641170.57,CNY,1,1,1101916641170.57,2025-04-01,1222974139,152,https://static.cninfo.com.cn/finalpage/2025-04-01/1222974139.PDF
1222974139:liabilities:2024-12-31:END:consolidated,000002.SZ,liabilities,2024-12-31,END,consolidated,947405197282.08,CNY,1,1,947405197282.08,2025-04-01,1222974139,152,https://static.cninfo.com.cn/finalpage/2025-04-01/1222974139.PDF
1222974139:management_expense:2023-12-31:YTD:consolidated,000002.SZ,management_expense,2023-12-31,YTD,consolidated,5766947610.21,CNY,1,1,5766947610.21,2025-04-01,1222974139,155,https://static.cninfo.com.cn/finalpage/2025-04-01/1222974139.PDF
1222974139:management_expense:2024-12-31:YTD:consolidated,000002.SZ,management_expense,2024-12-31,YTD,consolidated,6394205912.35,CNY,1,1,6394205912.35,2025-04-01,1222974139,155,https://static.cninfo.com.cn/finalpage/2025-04-01/1222974139.PDF
1222974139:minority_profit:2023-12-31:YTD:consolidated,000002.SZ,minority_profit,2023-12-31,YTD,consolidated,8292874045.88,CNY,1,1,8292874045.88,2025-04-01,1222974139,155,https://static.cninfo.com.cn/finalpage/2025-04-01/1222974139.PDF
1222974139:minority_profit:2024-12-31:YTD:consolidated,000002.SZ,minority_profit,2024-12-31,YTD,consolidated,774494809.63,CNY,1,1,774494809.63,2025-04-01,1222974139,155,https://static.cninfo.com.cn/finalpage/2025-04-01/1222974139.PDF
1222974139:net_profit:2023-12-31:YTD:consolidated,000002.SZ,net_profit,2023-12-31,YTD,consolidated,20455558414.74,CNY,1,1,20455558414.74,2025-04-01,1222974139,155,https://static.cninfo.com.cn/finalpage/2025-04-01/1222974139.PDF
1222974139:net_profit:2024-12-31:YTD:consolidated,000002.SZ,net_profit,2024-12-31,YTD,consolidated,-48703934402.33,CNY,1,1,-48703934402.33,2025-04-01,1222974139,155,https://static.cninfo.com.cn/finalpage/2025-04-01/1222974139.PDF
1222974139:ocf:2023-12-31:YTD:consolidated,000002.SZ,ocf,2023-12-31,YTD,consolidated,3912323920.11,CNY,1,1,3912323920.11,2025-04-01,1222974139,158,https://static.cninfo.com.cn/finalpage/2025-04-01/1222974139.PDF
1222974139:ocf:2024-12-31:YTD:consolidated,000002.SZ,ocf,2024-12-31,YTD,consolidated,3799847632.35,CNY,1,1,3799847632.35,2025-04-01,1222974139,158,https://static.cninfo.com.cn/finalpage/2025-04-01/1222974139.PDF
1222974139:operating_cash_inflow:2023-12-31:YTD:consolidated,000002.SZ,operating_cash_inflow,2023-12-31,YTD,consolidated,321128670541.45,CNY,1,1,321128670541.45,2025-04-01,1222974139,158,https://static.cninfo.com.cn/finalpage/2025-04-01/1222974139.PDF
1222974139:operating_cash_inflow:2024-12-31:YTD:consolidated,000002.SZ,operating_cash_inflow,2024-12-31,YTD,consolidated,219622163821.02,CNY,1,1,219622163821.02,2025-04-01,1222974139,158,https://static.cninfo.com.cn/finalpage/2025-04-01/1222974139.PDF
1222974139:operating_cash_outflow:2023-12-31:YTD:consolidated,000002.SZ,operating_cash_outflow,2023-12-31,YTD,consolidated,317216346621.34,CNY,1,1,317216346621.34,2025-04-01,1222974139,158,https://static.cninfo.com.cn/finalpage/2025-04-01/1222974139.PDF
1222974139:operating_cash_outflow:2024-12-31:YTD:consolidated,000002.SZ,operating_cash_outflow,2024-12-31,YTD,consolidated,215822316188.67,CNY,1,1,215822316188.67,2025-04-01,1222974139,158,https://static.cninfo.com.cn/finalpage/2025-04-01/1222974139.PDF
1222974139:operating_profit:2023-12-31:YTD:consolidated,000002.SZ,operating_profit,2023-12-31,YTD,consolidated,29251702064.41,CNY,1,1,29251702064.41,2025-04-01,1222974139,155,https://static.cninfo.com.cn/finalpage/2025-04-01/1222974139.PDF
1222974139:operating_profit:2024-12-31:YTD:consolidated,000002.SZ,operating_profit,2024-12-31,YTD,consolidated,-45643796280.61,CNY,1,1,-45643796280.61,2025-04-01,1222974139,155,https://static.cninfo.com.cn/finalpage/2025-04-01/1222974139.PDF
1222974139:parent_profit:2023-12-31:YTD:parent_attributable,000002.SZ,parent_profit,2023-12-31,YTD,parent_attributable,12162684368.86,CNY,1,1,12162684368.86,2025-04-01,1222974139,155,https://static.cninfo.com.cn/finalpage/2025-04-01/1222974139.PDF
1222974139:parent_profit:2024-12-31:YTD:parent_attributable,000002.SZ,parent_profit,2024-12-31,YTD,parent_attributable,-49478429211.96,CNY,1,1,-49478429211.96,2025-04-01,1222974139,155,https://static.cninfo.com.cn/finalpage/2025-04-01/1222974139.PDF
1222974139:profit_before_tax:2023-12-31:YTD:consolidated,000002.SZ,profit_before_tax,2023-12-31,YTD,consolidated,29805428126.44,CNY,1,1,29805428126.44,2025-04-01,1222974139,155,https://static.cninfo.com.cn/finalpage/2025-04-01/1222974139.PDF
1222974139:profit_before_tax:2024-12-31:YTD:consolidated,000002.SZ,profit_before_tax,2024-12-31,YTD,consolidated,-47186559181.39,CNY,1,1,-47186559181.39,2025-04-01,1222974139,155,https://static.cninfo.com.cn/finalpage/2025-04-01/1222974139.PDF
1222974139:receivables:2023-12-31:END:consolidated,000002.SZ,receivables,2023-12-31,END,consolidated,7293628386.69,CNY,1,1,7293628386.69,2025-04-01,1222974139,151,https://static.cninfo.com.cn/finalpage/2025-04-01/1222974139.PDF
1222974139:receivables:2024-12-31:END:consolidated,000002.SZ,receivables,2024-12-31,END,consolidated,8110758258.05,CNY,1,1,8110758258.05,2025-04-01,1222974139,151,https://static.cninfo.com.cn/finalpage/2025-04-01/1222974139.PDF
1222974139:revenue:2023-12-31:YTD:consolidated,000002.SZ,revenue,2023-12-31,YTD,consolidated,465739076702.23,CNY,1,1,465739076702.23,2025-04-01,1222974139,252,https://static.cninfo.com.cn/finalpage/2025-04-01/1222974139.PDF
1222974139:revenue:2024-12-31:YTD:consolidated,000002.SZ,revenue,2024-12-31,YTD,consolidated,343176440712.96,CNY,1,1,343176440712.96,2025-04-01,1222974139,252,https://static.cninfo.com.cn/finalpage/2025-04-01/1222974139.PDF
1222974139:selling_expense:2023-12-31:YTD:consolidated,000002.SZ,selling_expense,2023-12-31,YTD,consolidated,12272115679.08,CNY,1,1,12272115679.08,2025-04-01,1222974139,155,https://static.cninfo.com.cn/finalpage/2025-04-01/1222974139.PDF
1222974139:selling_expense:2024-12-31:YTD:consolidated,000002.SZ,selling_expense,2024-12-31,YTD,consolidated,10383570472.95,CNY,1,1,10383570472.95,2025-04-01,1222974139,155,https://static.cninfo.com.cn/finalpage/2025-04-01/1222974139.PDF
1222974139:shares:2023-12-31:END:total_shares,000002.SZ,shares,2023-12-31,END,total_shares,11930709471,shares,1,1,11930709471,2025-04-01,1222974139,123,https://static.cninfo.com.cn/finalpage/2025-04-01/1222974139.PDF
1222974139:shares:2024-12-31:END:total_shares,000002.SZ,shares,2024-12-31,END,total_shares,11930709471,shares,1,1,11930709471,2025-04-01,1222974139,123,https://static.cninfo.com.cn/finalpage/2025-04-01/1222974139.PDF
1223197724:net_profit:2024-12-31:YTD:consolidated,003032.SZ,net_profit,2024-12-31,YTD,consolidated,-133923419.20,CNY,1,1,-133923419.20,2025-04-22,1223197724,76,https://static.cninfo.com.cn/finalpage/2025-04-22/1223197724.PDF
1223197724:ocf:2024-03-31:QUARTER:consolidated,003032.SZ,ocf,2024-03-31,QUARTER,consolidated,-41967523.12,CNY,1,1,-41967523.12,2025-04-22,1223197724,10,https://static.cninfo.com.cn/finalpage/2025-04-22/1223197724.PDF
1223197724:ocf:2024-06-30:QUARTER:consolidated,003032.SZ,ocf,2024-06-30,QUARTER,consolidated,-21592795.52,CNY,1,1,-21592795.52,2025-04-22,1223197724,10,https://static.cninfo.com.cn/finalpage/2025-04-22/1223197724.PDF
1223197724:ocf:2024-09-30:QUARTER:consolidated,003032.SZ,ocf,2024-09-30,QUARTER,consolidated,18789554.62,CNY,1,1,18789554.62,2025-04-22,1223197724,10,https://static.cninfo.com.cn/finalpage/2025-04-22/1223197724.PDF
1223197724:ocf:2024-12-31:QUARTER:consolidated,003032.SZ,ocf,2024-12-31,QUARTER,consolidated,-42438575.45,CNY,1,1,-42438575.45,2025-04-22,1223197724,10,https://static.cninfo.com.cn/finalpage/2025-04-22/1223197724.PDF
1223197724:ocf:2024-12-31:YTD:consolidated,003032.SZ,ocf,2024-12-31,YTD,consolidated,-87209339.47,CNY,1,1,-87209339.47,2025-04-22,1223197724,78,https://static.cninfo.com.cn/finalpage/2025-04-22/1223197724.PDF
1223197724:parent_profit:2024-03-31:QUARTER:parent_attributable,003032.SZ,parent_profit,2024-03-31,QUARTER,parent_attributable,-16006587.45,CNY,1,1,-16006587.45,2025-04-22,1223197724,10,https://static.cninfo.com.cn/finalpage/2025-04-22/1223197724.PDF
1223197724:parent_profit:2024-06-30:QUARTER:parent_attributable,003032.SZ,parent_profit,2024-06-30,QUARTER,parent_attributable,-18218101.67,CNY,1,1,-18218101.67,2025-04-22,1223197724,10,https://static.cninfo.com.cn/finalpage/2025-04-22/1223197724.PDF
1223197724:parent_profit:2024-09-30:QUARTER:parent_attributable,003032.SZ,parent_profit,2024-09-30,QUARTER,parent_attributable,-6993874.52,CNY,1,1,-6993874.52,2025-04-22,1223197724,10,https://static.cninfo.com.cn/finalpage/2025-04-22/1223197724.PDF
1223197724:parent_profit:2024-12-31:QUARTER:parent_attributable,003032.SZ,parent_profit,2024-12-31,QUARTER,parent_attributable,-92704855.56,CNY,1,1,-92704855.56,2025-04-22,1223197724,10,https://static.cninfo.com.cn/finalpage/2025-04-22/1223197724.PDF
1223406438:assets:2025-03-31:END:consolidated,003032.SZ,assets,2025-03-31,END,consolidated,1777575599.66,CNY,1,1,1777575599.66,2025-04-30,1223406438,2,https://static.cninfo.com.cn/finalpage/2025-04-30/1223406438.PDF
1223406438:net_profit:2025-03-31:YTD:consolidated,003032.SZ,net_profit,2025-03-31,YTD,consolidated,-5432983.73,CNY,1,1,-5432983.73,2025-04-30,1223406438,7,https://static.cninfo.com.cn/finalpage/2025-04-30/1223406438.PDF
1223406438:ocf:2025-03-31:YTD:consolidated,003032.SZ,ocf,2025-03-31,YTD,consolidated,6922658.33,CNY,1,1,6922658.33,2025-04-30,1223406438,2,https://static.cninfo.com.cn/finalpage/2025-04-30/1223406438.PDF
1223406438:parent_profit:2025-03-31:YTD:parent_attributable,003032.SZ,parent_profit,2025-03-31,YTD,parent_attributable,-5363191.76,CNY,1,1,-5363191.76,2025-04-30,1223406438,2,https://static.cninfo.com.cn/finalpage/2025-04-30/1223406438.PDF
1223406438:revenue:2025-03-31:YTD:consolidated,003032.SZ,revenue,2025-03-31,YTD,consolidated,72386921.74,CNY,1,1,72386921.74,2025-04-30,1223406438,2,https://static.cninfo.com.cn/finalpage/2025-04-30/1223406438.PDF
1223412432:assets:2025-03-31:END:consolidated,000333.SZ,assets,2025-03-31,END,consolidated,634784709,CNY_thousand,1000,1,634784709000,2025-04-30,1223412432,2,https://static.cninfo.com.cn/finalpage/2025-04-30/1223412432.PDF
1223412432:cogs:2024-03-31:YTD:consolidated,000333.SZ,cogs,2024-03-31,YTD,consolidated,-77905030,CNY_thousand,1000,-1,77905030000,2025-04-30,1223412432,8,https://static.cninfo.com.cn/finalpage/2025-04-30/1223412432.PDF
1223412432:net_profit:2024-03-31:YTD:consolidated,000333.SZ,net_profit,2024-03-31,YTD,consolidated,9036321,CNY_thousand,1000,1,9036321000,2025-04-30,1223412432,8,https://static.cninfo.com.cn/finalpage/2025-04-30/1223412432.PDF
1223412432:ocf:2025-03-31:YTD:consolidated,000333.SZ,ocf,2025-03-31,YTD,consolidated,14320968,CNY_thousand,1000,1,14320968000,2025-04-30,1223412432,2,https://static.cninfo.com.cn/finalpage/2025-04-30/1223412432.PDF
1223412432:parent_profit:2025-03-31:YTD:parent_attributable,000333.SZ,parent_profit,2025-03-31,YTD,parent_attributable,12422233,CNY_thousand,1000,1,12422233000,2025-04-30,1223412432,2,https://static.cninfo.com.cn/finalpage/2025-04-30/1223412432.PDF
1223412432:revenue:2024-03-31:YTD:consolidated,000333.SZ,revenue,2024-03-31,YTD,consolidated,106101612,CNY_thousand,1000,1,106101612000,2025-04-30,1223412432,8,https://static.cninfo.com.cn/finalpage/2025-04-30/1223412432.PDF
1223412432:revenue:2025-03-31:YTD:consolidated,000333.SZ,revenue,2025-03-31,YTD,consolidated,127838538,CNY_thousand,1000,1,127838538000,2025-04-30,1223412432,2,https://static.cninfo.com.cn/finalpage/2025-04-30/1223412432.PDF
1223412432:selling_expense:2024-03-31:YTD:consolidated,000333.SZ,selling_expense,2024-03-31,YTD,consolidated,-9839180,CNY_thousand,1000,-1,9839180000,2025-04-30,1223412432,8,https://static.cninfo.com.cn/finalpage/2025-04-30/1223412432.PDF
1224626720:assets:2025-06-30:END:consolidated,000333.SZ,assets,2025-06-30,END,consolidated,638033509,CNY_thousand,1000,1,638033509000,2025-08-30,1224626720,7,https://static.cninfo.com.cn/finalpage/2025-08-30/1224626720.PDF
1224626720:ocf:2025-06-30:YTD:consolidated,000333.SZ,ocf,2025-06-30,YTD,consolidated,37281015,CNY_thousand,1000,1,37281015000,2025-08-30,1224626720,7,https://static.cninfo.com.cn/finalpage/2025-08-30/1224626720.PDF
1224626720:parent_profit:2025-06-30:YTD:parent_attributable,000333.SZ,parent_profit,2025-06-30,YTD,parent_attributable,26013690,CNY_thousand,1000,1,26013690000,2025-08-30,1224626720,7,https://static.cninfo.com.cn/finalpage/2025-08-30/1224626720.PDF
1224626720:revenue:2025-06-30:YTD:consolidated,000333.SZ,revenue,2025-06-30,YTD,consolidated,251123714,CNY_thousand,1000,1,251123714000,2025-08-30,1224626720,7,https://static.cninfo.com.cn/finalpage/2025-08-30/1224626720.PDF
1224767336:assets:2025-09-30:END:consolidated,000333.SZ,assets,2025-09-30,END,consolidated,593313003,CNY_thousand,1000,1,593313003000,2025-10-30,1224767336,2,https://static.cninfo.com.cn/finalpage/2025-10-30/1224767336.PDF
1224767336:ocf:2025-09-30:YTD:consolidated,000333.SZ,ocf,2025-09-30,YTD,consolidated,57066085,CNY_thousand,1000,1,57066085000,2025-10-30,1224767336,2,https://static.cninfo.com.cn/finalpage/2025-10-30/1224767336.PDF
1224767336:parent_profit:2025-09-30:YTD:parent_attributable,000333.SZ,parent_profit,2025-09-30,YTD,parent_attributable,37883383,CNY_thousand,1000,1,37883383000,2025-10-30,1224767336,2,https://static.cninfo.com.cn/finalpage/2025-10-30/1224767336.PDF
1224767336:revenue:2025-09-30:YTD:consolidated,000333.SZ,revenue,2025-09-30,YTD,consolidated,363056751,CNY_thousand,1000,1,363056751000,2025-10-30,1224767336,2,https://static.cninfo.com.cn/finalpage/2025-10-30/1224767336.PDF
1225065145:assets:2025-12-31:END:consolidated,000333.SZ,assets,2025-12-31,END,consolidated,608791766,CNY_thousand,1000,1,608791766000,2026-03-31,1225065145,10,https://static.cninfo.com.cn/finalpage/2026-03-31/1225065145.PDF
1225065145:ocf:2025-03-31:QUARTER:consolidated,000333.SZ,ocf,2025-03-31,QUARTER,consolidated,14320968,CNY_thousand,1000,1,14320968000,2026-03-31,1225065145,11,https://static.cninfo.com.cn/finalpage/2026-03-31/1225065145.PDF
1225065145:ocf:2025-06-30:QUARTER:consolidated,000333.SZ,ocf,2025-06-30,QUARTER,consolidated,22960047,CNY_thousand,1000,1,22960047000,2026-03-31,1225065145,11,https://static.cninfo.com.cn/finalpage/2026-03-31/1225065145.PDF
1225065145:ocf:2025-09-30:QUARTER:consolidated,000333.SZ,ocf,2025-09-30,QUARTER,consolidated,19785070,CNY_thousand,1000,1,19785070000,2026-03-31,1225065145,11,https://static.cninfo.com.cn/finalpage/2026-03-31/1225065145.PDF
1225065145:ocf:2025-12-31:QUARTER:consolidated,000333.SZ,ocf,2025-12-31,QUARTER,consolidated,-3720155,CNY_thousand,1000,1,-3720155000,2026-03-31,1225065145,11,https://static.cninfo.com.cn/finalpage/2026-03-31/1225065145.PDF
1225065145:ocf:2025-12-31:YTD:consolidated,000333.SZ,ocf,2025-12-31,YTD,consolidated,53345930,CNY_thousand,1000,1,53345930000,2026-03-31,1225065145,9,https://static.cninfo.com.cn/finalpage/2026-03-31/1225065145.PDF
1225065145:parent_profit:2025-03-31:QUARTER:parent_attributable,000333.SZ,parent_profit,2025-03-31,QUARTER,parent_attributable,12422233,CNY_thousand,1000,1,12422233000,2026-03-31,1225065145,11,https://static.cninfo.com.cn/finalpage/2026-03-31/1225065145.PDF
1225065145:parent_profit:2025-06-30:QUARTER:parent_attributable,000333.SZ,parent_profit,2025-06-30,QUARTER,parent_attributable,13591457,CNY_thousand,1000,1,13591457000,2026-03-31,1225065145,11,https://static.cninfo.com.cn/finalpage/2026-03-31/1225065145.PDF
1225065145:parent_profit:2025-09-30:QUARTER:parent_attributable,000333.SZ,parent_profit,2025-09-30,QUARTER,parent_attributable,11869693,CNY_thousand,1000,1,11869693000,2026-03-31,1225065145,11,https://static.cninfo.com.cn/finalpage/2026-03-31/1225065145.PDF
1225065145:parent_profit:2025-12-31:QUARTER:parent_attributable,000333.SZ,parent_profit,2025-12-31,QUARTER,parent_attributable,6062028,CNY_thousand,1000,1,6062028000,2026-03-31,1225065145,11,https://static.cninfo.com.cn/finalpage/2026-03-31/1225065145.PDF
1225065145:parent_profit:2025-12-31:YTD:parent_attributable,000333.SZ,parent_profit,2025-12-31,YTD,parent_attributable,43945411,CNY_thousand,1000,1,43945411000,2026-03-31,1225065145,9,https://static.cninfo.com.cn/finalpage/2026-03-31/1225065145.PDF
1225065145:revenue:2025-03-31:QUARTER:consolidated,000333.SZ,revenue,2025-03-31,QUARTER,consolidated,127838538,CNY_thousand,1000,1,127838538000,2026-03-31,1225065145,11,https://static.cninfo.com.cn/finalpage/2026-03-31/1225065145.PDF
1225065145:revenue:2025-06-30:QUARTER:consolidated,000333.SZ,revenue,2025-06-30,QUARTER,consolidated,123285176,CNY_thousand,1000,1,123285176000,2026-03-31,1225065145,11,https://static.cninfo.com.cn/finalpage/2026-03-31/1225065145.PDF
1225065145:revenue:2025-09-30:QUARTER:consolidated,000333.SZ,revenue,2025-09-30,QUARTER,consolidated,111933037,CNY_thousand,1000,1,111933037000,2026-03-31,1225065145,11,https://static.cninfo.com.cn/finalpage/2026-03-31/1225065145.PDF
1225065145:revenue:2025-12-31:QUARTER:consolidated,000333.SZ,revenue,2025-12-31,QUARTER,consolidated,93394980,CNY_thousand,1000,1,93394980000,2026-03-31,1225065145,11,https://static.cninfo.com.cn/finalpage/2026-03-31/1225065145.PDF
1225065145:revenue:2025-12-31:YTD:consolidated,000333.SZ,revenue,2025-12-31,YTD,consolidated,456451731,CNY_thousand,1000,1,456451731000,2026-03-31,1225065145,9,https://static.cninfo.com.cn/finalpage/2026-03-31/1225065145.PDF
1225259066:assets:2026-03-31:END:consolidated,000333.SZ,assets,2026-03-31,END,consolidated,613881571,CNY_thousand,1000,1,613881571000,2026-04-30,1225259066,2,https://static.cninfo.com.cn/finalpage/2026-04-30/1225259066.PDF
1225259066:ocf:2026-03-31:YTD:consolidated,000333.SZ,ocf,2026-03-31,YTD,consolidated,14529165,CNY_thousand,1000,1,14529165000,2026-04-30,1225259066,2,https://static.cninfo.com.cn/finalpage/2026-04-30/1225259066.PDF
1225259066:parent_profit:2026-03-31:YTD:parent_attributable,000333.SZ,parent_profit,2026-03-31,YTD,parent_attributable,12674556,CNY_thousand,1000,1,12674556000,2026-04-30,1225259066,2,https://static.cninfo.com.cn/finalpage/2026-04-30/1225259066.PDF
1225259066:revenue:2026-03-31:YTD:consolidated,000333.SZ,revenue,2026-03-31,YTD,consolidated,131098601,CNY_thousand,1000,1,131098601000,2026-04-30,1225259066,2,https://static.cninfo.com.cn/finalpage/2026-04-30/1225259066.PDF
