sample_id,industry_prior_code,industry_public_date,industry_source_url,industry_source_page,requirements,label,document_id,report_url,report_disclosed_date,mda_page,original_classification_row,annual_pdf_sha256,original_classification_row_found,annual_pdf_matches_archive,status,exact_2023_code_certified
000012.SZ:2023,C30,2021-11-10,https://www.csrc.gov.cn/csrc/c100103/c1558619/1558619/files/1638277734844_11692.pdf,29,historical_industry,0,1216593484,https://static.cninfo.com.cn/finalpage/2023-04-26/1216593484.PDF,2023-04-26,10,30 非金属矿物制品业 000012 南玻A,96901ad86005480986789a0b078443181a3944d180e0a92b5354d67bad339df8,True,True,source_chain_recovered; current_sector_adjudication_pending,False
000019.SZ:2023,F51,2021-11-10,https://www.csrc.gov.cn/csrc/c100103/c1558619/1558619/files/1638277734844_11692.pdf,78,historical_industry,0,1216603127,https://static.cninfo.com.cn/finalpage/2023-04-26/1216603127.PDF,2023-04-26,10,批发和零售业(F) 51 批发业 000019 深粮控股,a3b808dd98fdd449d2a817f87a9270513f91015b0f3c62d0aa3e284570b41737,True,True,source_chain_recovered; current_sector_adjudication_pending,False
000048.SZ:2023,C13,2021-11-10,https://www.csrc.gov.cn/csrc/c100103/c1558619/1558619/files/1638277734844_11692.pdf,4,historical_industry,0,1216116016,https://static.cninfo.com.cn/finalpage/2023-03-15/1216116016.PDF,2023-03-15,10,制造业(C) 13 农副食品加工业 000048 京基智农,637e9dfb8f04e7279e95b7afbac5e08d19ae3bfdb7fd16ae2bee8ec9247432e8,True,True,source_chain_recovered; current_sector_adjudication_pending,False
000055.SZ:2023,C33,2021-11-10,https://www.csrc.gov.cn/csrc/c100103/c1558619/1558619/files/1638277734844_11692.pdf,34,historical_industry,0,1215991129,https://static.cninfo.com.cn/finalpage/2023-02-28/1215991129.PDF,2023-02-28,10,000055 方大集团,5c245b47f40147537c87bb7aed25f7b76ff75ac9d3e08035244aeabcf98d84d6,True,True,source_chain_recovered; current_sector_adjudication_pending,False
000068.SZ:2023,M74,2021-11-10,https://www.csrc.gov.cn/csrc/c100103/c1558619/1558619/files/1638277734844_11692.pdf,102,historical_industry,0,1216701006,https://static.cninfo.com.cn/finalpage/2023-04-29/1216701006.PDF,2023-04-29,11,74 专业技术服务业 000068 华控赛格,9967e1882a305531105b2d5554a97f4f7026acb601792dd5d7a5c1bc2c645c6e,True,True,source_chain_recovered; current_sector_adjudication_pending,False
000099.SZ:2023,G56,2021-11-10,https://www.csrc.gov.cn/csrc/c100103/c1558619/1558619/files/1638277734844_11692.pdf,84,historical_industry,0,1216191084,https://static.cninfo.com.cn/finalpage/2023-03-23/1216191084.PDF,2023-03-23,10,000099 中信海直,e3e267b4bcdab395483379ac0ec80651d4d4bbb677e7fc315859ea8f6538b3f4,True,True,source_chain_recovered; current_sector_adjudication_pending,False
000419.SZ:2023,F52,2021-11-10,https://www.csrc.gov.cn/csrc/c100103/c1558619/1558619/files/1638277734844_11692.pdf,80,historical_industry,0,1216355030,https://static.cninfo.com.cn/finalpage/2023-04-08/1216355030.PDF,2023-04-08,10,000419 通程控股,a69eeac19a9c2813f55bab3f5faa1c4a313a1574f5df1afd03007fb2fa88f4fe,True,True,source_chain_recovered; current_sector_adjudication_pending,False
000501.SZ:2023,F52,2021-11-10,https://www.csrc.gov.cn/csrc/c100103/c1558619/1558619/files/1638277734844_11692.pdf,80,historical_industry,0,1216277052,https://static.cninfo.com.cn/finalpage/2023-03-31/1216277052.PDF,2023-03-31,10,000501 鄂武商A,7795cc9b705158e2b3b91032eae0ccb8d1052e7577115bf2afa8eeceaee1af75,True,True,source_chain_recovered; current_sector_adjudication_pending,False
000504.SZ:2023,M75,2021-11-10,https://www.csrc.gov.cn/csrc/c100103/c1558619/1558619/files/1638277734844_11692.pdf,103,historical_industry,0,1216688529,https://static.cninfo.com.cn/finalpage/2023-04-29/1216688529.PDF,2023-04-29,11,75 科技推广和应用服务业 000504 南华生物,f42335c248d43a3ffb741bde6b8b60e2a6a9eccb9d0873d5b1dc34057f1fe1e8,True,True,source_chain_recovered; current_sector_adjudication_pending,False
000533.SZ:2023,C38,2021-11-10,https://www.csrc.gov.cn/csrc/c100103/c1558619/1558619/files/1638277734844_11692.pdf,53,historical_industry,0,1216417085,https://static.cninfo.com.cn/finalpage/2023-04-15/1216417085.PDF,2023-04-15,11,000533 顺钠股份,52d61eb0704523e1d6a5582ce246bd6a89823bfc828ae02c81485d9d39d656d3,True,True,source_chain_recovered; current_sector_adjudication_pending,False
000534.SZ:2023,C27,2021-11-10,https://www.csrc.gov.cn/csrc/c100103/c1558619/1558619/files/1638277734844_11692.pdf,20,historical_industry,0,1215991366,https://static.cninfo.com.cn/finalpage/2023-02-28/1215991366.PDF,2023-02-28,10,000534 万泽股份,3150548f043d3d9b93ba48097032d84d4190b0a2dc8adc1423b745fbbeb1647e,True,True,source_chain_recovered; current_sector_adjudication_pending,False
000545.SZ:2023,C26,2021-11-10,https://www.csrc.gov.cn/csrc/c100103/c1558619/1558619/files/1638277734844_11692.pdf,13,historical_industry,0,1216687655,https://static.cninfo.com.cn/finalpage/2023-04-29/1216687655.PDF,2023-04-29,10,000545 金浦钛业,69257ec01d5d3bb855e9348469d52a681c0eaad04455f1ed8d2ab73cbe8a574d,True,True,source_chain_recovered; current_sector_adjudication_pending,False
000555.SZ:2023,I65,2021-11-10,https://www.csrc.gov.cn/csrc/c100103/c1558619/1558619/files/1638277734844_11692.pdf,87,historical_industry,0,1216274401,https://static.cninfo.com.cn/finalpage/2023-03-31/1216274401.PDF,2023-03-31,15,000555 神州信息,a90c6cfb6e64afe8a4d870bdc16a77ee235da29dd43f3cfdf47b762be93202c8,True,True,source_chain_recovered; current_sector_adjudication_pending,False
000557.SZ:2023,G53,2021-11-10,https://www.csrc.gov.cn/csrc/c100103/c1558619/1558619/files/1638277734844_11692.pdf,83,historical_industry,0,1216547631,https://static.cninfo.com.cn/finalpage/2023-04-25/1216547631.PDF,2023-04-25,14,交通运输、仓储和 53 铁路运输业 000557 西部创业,9251349d55677b1a3ab9c7f7451ec65a089ca7632d925476d804523b95e5f676,True,True,source_chain_recovered; current_sector_adjudication_pending,False
000576.SZ:2023,C35,2021-11-10,https://www.csrc.gov.cn/csrc/c100103/c1558619/1558619/files/1638277734844_11692.pdf,40,historical_industry,0,1216357407,https://static.cninfo.com.cn/finalpage/2023-04-08/1216357407.PDF,2023-04-08,10,000576 甘化科工,a760d81b1254d82c28c71d226892f55b2f130b349b5d41d7dacac70f3d881b7a,True,True,source_chain_recovered; current_sector_adjudication_pending,False
000581.SZ:2023,C36,2021-11-10,https://www.csrc.gov.cn/csrc/c100103/c1558619/1558619/files/1638277734844_11692.pdf,47,historical_industry,0,1216660562,https://static.cninfo.com.cn/finalpage/2023-04-28/1216660562.PDF,2023-04-28,11,000581 威孚高科,e6b7319f611e4c21c8f7981b84b91487289961ed362912303c80ac13336f7c5b,True,True,source_chain_recovered; current_sector_adjudication_pending,False
000589.SZ:2023,C29,2021-11-10,https://www.csrc.gov.cn/csrc/c100103/c1558619/1558619/files/1638277734844_11692.pdf,27,historical_industry,0,1216560705,https://static.cninfo.com.cn/finalpage/2023-04-25/1216560705.PDF,2023-04-25,10,29 橡胶和塑料制品业 000589 贵州轮胎,9a636a787e31e0cd14a06831c1ced4995f822cf36ef397630e9c92f52b80ea44,True,True,source_chain_recovered; current_sector_adjudication_pending,False
000593.SZ:2023,D45,2021-11-10,https://www.csrc.gov.cn/csrc/c100103/c1558619/1558619/files/1638277734844_11692.pdf,75,historical_industry,0,1216274527,https://static.cninfo.com.cn/finalpage/2023-03-31/1216274527.PDF,2023-03-31,11,000593 大通燃气,12a8546148fb216f5a0a824103b822d4e5193b49a0083c0d0a08a710cc466dc6,True,True,source_chain_recovered; current_sector_adjudication_pending,False
000598.SZ:2023,D46,2021-11-10,https://www.csrc.gov.cn/csrc/c100103/c1558619/1558619/files/1638277734844_11692.pdf,75,historical_industry,0,1216582330,https://static.cninfo.com.cn/finalpage/2023-04-26/1216582330.PDF,2023-04-26,11,000598 兴蓉环境,c442c4f680f4159076917e441579c98f8d49616992600aa13d653e2865bd51a5,True,True,source_chain_recovered; current_sector_adjudication_pending,False
000599.SZ:2023,C29,2021-11-10,https://www.csrc.gov.cn/csrc/c100103/c1558619/1558619/files/1638277734844_11692.pdf,27,historical_industry,0,1216281227,https://static.cninfo.com.cn/finalpage/2023-03-31/1216281227.PDF,2023-03-31,10,000599 青岛双星,b9e7c362e1edd410cb19ed2861676380977f349d54341aa0a1fa01a1e5ad402d,True,True,source_chain_recovered; current_sector_adjudication_pending,False
000610.SZ:2023,N78,2021-11-10,https://www.csrc.gov.cn/csrc/c100103/c1558619/1558619/files/1638277734844_11692.pdf,105,historical_industry,0,1216442795,https://static.cninfo.com.cn/finalpage/2023-04-18/1216442795.PDF,2023-04-18,13,000610 西安旅游,dcec5cd17c8496ffe237f49440e1ff1a84fa8770b43df39715f19e9241723612,True,True,source_chain_recovered; current_sector_adjudication_pending,False
000612.SZ:2023,C32,2021-11-10,https://www.csrc.gov.cn/csrc/c100103/c1558619/1558619/files/1638277734844_11692.pdf,32,historical_industry,0,1216690396,https://static.cninfo.com.cn/finalpage/2023-04-29/1216690396.PDF,2023-04-29,11,业 000612 焦作万方,e094f6667db3ba55cb535a63d17e482af07832cb22a1f770959710b58e72a511,True,True,source_chain_recovered; current_sector_adjudication_pending,False
000626.SZ:2023,F51,2021-11-10,https://www.csrc.gov.cn/csrc/c100103/c1558619/1558619/files/1638277734844_11692.pdf,79,historical_industry,0,1216551146,https://static.cninfo.com.cn/finalpage/2023-04-25/1216551146.PDF,2023-04-25,10,批发和零售业(F) 51 批发业 000626 远大控股,20167d6b6d2fbb57912aea90435a72ddc45b9716b21057cefd68bcaafe8e0356,True,True,source_chain_recovered; current_sector_adjudication_pending,False
000628.SZ:2023,E47,2021-11-10,https://www.csrc.gov.cn/csrc/c100103/c1558619/1558619/files/1638277734844_11692.pdf,76,historical_industry,0,1216358807,https://static.cninfo.com.cn/finalpage/2023-04-08/1216358807.PDF,2023-04-08,11,建筑业(E) 47 房屋建筑业 000628 高新发展,2808d799ecf0d98d89fdec4597337d06eaf318e0a02c20413171273be962bb84,True,True,source_chain_recovered; current_sector_adjudication_pending,False
000629.SZ:2023,C32,2021-11-10,https://www.csrc.gov.cn/csrc/c100103/c1558619/1558619/files/1638277734844_11692.pdf,32,historical_industry,0,1216236129,https://static.cninfo.com.cn/finalpage/2023-03-28/1216236129.PDF,2023-03-28,10,000629 攀钢钒钛,54fddcc71665100f136d46cd1540ea7a7e6850eee5afb8beb26f21b981126120,True,True,source_chain_recovered; current_sector_adjudication_pending,False
000633.SZ:2023,C32,2021-11-10,https://www.csrc.gov.cn/csrc/c100103/c1558619/1558619/files/1638277734844_11692.pdf,33,historical_industry,0,1216377862,https://static.cninfo.com.cn/finalpage/2023-04-12/1216377862.PDF,2023-04-12,9,业 000633 合金投资,99697749ac1338fd28261b8e94a192c69e750ebf9a56c34e08d64ce5ce104a0b,True,True,source_chain_recovered; current_sector_adjudication_pending,False
000635.SZ:2023,C26,2021-11-10,https://www.csrc.gov.cn/csrc/c100103/c1558619/1558619/files/1638277734844_11692.pdf,13,historical_industry,0,1216550658,https://static.cninfo.com.cn/finalpage/2023-04-25/1216550658.PDF,2023-04-25,10,000635 英力特,36864c61da71443363d196900df69e8b09376237f87c90d5061c3691d35caa4a,True,True,source_chain_recovered; current_sector_adjudication_pending,False
000650.SZ:2023,C27,2021-11-10,https://www.csrc.gov.cn/csrc/c100103/c1558619/1558619/files/1638277734844_11692.pdf,20,historical_industry,0,1216576014,https://static.cninfo.com.cn/finalpage/2023-04-26/1216576014.PDF,2023-04-26,11,000650 仁和药业,ab89e9abaf75d2f8705ba9cb8df80b2a27ea01d9d56eeb9a5a83466d0810af27,True,True,source_chain_recovered; current_sector_adjudication_pending,False
000655.SZ:2023,B08,2021-11-10,https://www.csrc.gov.cn/csrc/c100103/c1558619/1558619/files/1638277734844_11692.pdf,2,historical_industry,0,1216219711,https://static.cninfo.com.cn/finalpage/2023-03-25/1216219711.PDF,2023-03-25,10,08 黑色金属矿采选业 000655 金岭矿业,efc4fa80387b5a789405c54e3798b08623b1c27787e932b172e6221be89add39,True,True,source_chain_recovered; current_sector_adjudication_pending,False
000656.SZ:2023,K70,2021-11-10,https://www.csrc.gov.cn/csrc/c100103/c1558619/1558619/files/1638277734844_11692.pdf,97,historical_industry,1,1216698145,https://static.cninfo.com.cn/finalpage/2023-04-29/1216698145.PDF,2023-04-29,11,000656 金科股份,5bd78a5882cf52a73cf5af10a165c029af68dbfa41770a8628107e5517730696,True,True,source_chain_recovered; current_sector_adjudication_pending,False
000670.SZ:2023,C39,2021-11-10,https://www.csrc.gov.cn/csrc/c100103/c1558619/1558619/files/1638277734844_11692.pdf,60,historical_industry,0,1216660066,https://static.cninfo.com.cn/finalpage/2023-04-28/1216660066.PDF,2023-04-28,10,000670 *ST盈方,16f58ba65d8d7b25d23333702a84e260228c905bb0f0ebbb79520419531f89f3,True,True,source_chain_recovered; current_sector_adjudication_pending,False
000695.SZ:2023,C23,2021-11-10,https://www.csrc.gov.cn/csrc/c100103/c1558619/1558619/files/1638277734844_11692.pdf,12,historical_industry,0,1216498254,https://static.cninfo.com.cn/finalpage/2023-04-21/1216498254.PDF,2023-04-21,10,23 印刷和记录媒介复制业 000695 滨海能源,443a653edd29f4c278edf9d9dc4b6348e785741761a94ed7368303b6bd3a7f6c,True,True,source_chain_recovered; current_sector_adjudication_pending,False
000709.SZ:2023,C31,2021-11-10,https://www.csrc.gov.cn/csrc/c100103/c1558619/1558619/files/1638277734844_11692.pdf,32,historical_industry,0,1216655628,https://static.cninfo.com.cn/finalpage/2023-04-28/1216655628.PDF,2023-04-28,10,业 000709 河钢股份,b852576ae9fa95302460c066388645d51cf2595658eb9ad2d627d92b8eda62e3,True,True,source_chain_recovered; current_sector_adjudication_pending,False
000715.SZ:2023,F52,2021-11-10,https://www.csrc.gov.cn/csrc/c100103/c1558619/1558619/files/1638277734844_11692.pdf,80,historical_industry,0,1216261680,https://static.cninfo.com.cn/finalpage/2023-03-30/1216261680.PDF,2023-03-30,10,000715 中兴商业,61f270e51b3d86a7f172a81a635f6b26a37c925fd7b501fe70ba722f1d4a626e,True,True,source_chain_recovered; current_sector_adjudication_pending,False
000718.SZ:2023,K70,2021-11-10,https://www.csrc.gov.cn/csrc/c100103/c1558619/1558619/files/1638277734844_11692.pdf,98,historical_industry,0,1216440223,https://static.cninfo.com.cn/finalpage/2023-04-18/1216440223.PDF,2023-04-18,11,000718 苏宁环球,954034d8eeac00e7c574851820fbe54003798ee0dc5e5391eae2fd667060fa5d,True,True,source_chain_recovered; current_sector_adjudication_pending,False
000739.SZ:2023,C27,2021-11-10,https://www.csrc.gov.cn/csrc/c100103/c1558619/1558619/files/1638277734844_11692.pdf,20,historical_industry,0,1216082446,https://static.cninfo.com.cn/finalpage/2023-03-10/1216082446.PDF,2023-03-10,10,000739 普洛药业,e7a9dddf114af86e525f8a5ac3a60966983a7221f99f370115381ccc87423da3,True,True,source_chain_recovered; current_sector_adjudication_pending,False
000786.SZ:2023,C30,2021-11-10,https://www.csrc.gov.cn/csrc/c100103/c1558619/1558619/files/1638277734844_11692.pdf,29,historical_industry,0,1216181806,https://static.cninfo.com.cn/finalpage/2023-03-22/1216181806.PDF,2023-03-22,10,000786 北新建材,bcd47956ea78ef5036ef4e903a0f9689399bf3bc6514b7a0bf86b9bc61a95856,True,True,source_chain_recovered; current_sector_adjudication_pending,False
000797.SZ:2023,K70,2021-11-10,https://www.csrc.gov.cn/csrc/c100103/c1558619/1558619/files/1638277734844_11692.pdf,98,historical_industry,0,1216380526,https://static.cninfo.com.cn/finalpage/2023-04-12/1216380526.PDF,2023-04-12,11,000797 中国武夷,7c705f6c5d79e69ee26967af7a44f07d75bcfd34f64b4d85a558679e040d0fef,True,True,source_chain_recovered; current_sector_adjudication_pending,False
000800.SZ:2023,C36,2021-11-10,https://www.csrc.gov.cn/csrc/c100103/c1558619/1558619/files/1638277734844_11692.pdf,47,historical_industry,0,1216303118,https://static.cninfo.com.cn/finalpage/2023-04-01/1216303118.PDF,2023-04-01,11,000800 一汽解放,37321d66f9edaaa0e7984a867849f019153929c39669aa8c7bbbc99524253e9a,True,True,source_chain_recovered; current_sector_adjudication_pending,False
000807.SZ:2023,C32,2021-11-10,https://www.csrc.gov.cn/csrc/c100103/c1558619/1558619/files/1638277734844_11692.pdf,33,historical_industry,0,1216181160,https://static.cninfo.com.cn/finalpage/2023-03-22/1216181160.PDF,2023-03-22,10,000807 云铝股份,6044f266285126cb10c19ee381903daf802aa35749d4ed26ed66535ad27390da,True,True,source_chain_recovered; current_sector_adjudication_pending,False
000821.SZ:2023,C35,2021-11-10,https://www.csrc.gov.cn/csrc/c100103/c1558619/1558619/files/1638277734844_11692.pdf,40,historical_industry,0,1216522395,https://static.cninfo.com.cn/finalpage/2023-04-22/1216522395.PDF,2023-04-22,10,000821 京山轻机,7998e896bb2771fe9b0a9b4aa6286b867eb413940160aab0d2d2d7460035c514,True,True,source_chain_recovered; current_sector_adjudication_pending,False
000823.SZ:2023,C39,2021-11-10,https://www.csrc.gov.cn/csrc/c100103/c1558619/1558619/files/1638277734844_11692.pdf,60,historical_industry,0,1216515240,https://static.cninfo.com.cn/finalpage/2023-04-22/1216515240.PDF,2023-04-22,10,000823 超声电子,421835a947e82398d2a48163821f95e036e08ee152bc7aeaf80d3a2266b69369,True,True,source_chain_recovered; current_sector_adjudication_pending,False
000830.SZ:2023,C26,2021-11-10,https://www.csrc.gov.cn/csrc/c100103/c1558619/1558619/files/1638277734844_11692.pdf,13,historical_industry,0,1216497610,https://static.cninfo.com.cn/finalpage/2023-04-21/1216497610.PDF,2023-04-21,10,000830 鲁西化工,31e79a01250e50047a73faefc0f6592ee6087e64e8a78792ebdc11bd6de4bfc3,True,True,source_chain_recovered; current_sector_adjudication_pending,False
000850.SZ:2023,C17,2021-11-10,https://www.csrc.gov.cn/csrc/c100103/c1558619/1558619/files/1638277734844_11692.pdf,8,historical_industry,0,1216695462,https://static.cninfo.com.cn/finalpage/2023-04-29/1216695462.PDF,2023-04-29,8,000850 华茂股份,22fed969bdb0a6b125dfaa806d6d14585e6d525abd8c8d653a1e9601da618da5,True,True,source_chain_recovered; current_sector_adjudication_pending,False
000861.SZ:2023,L72,2021-11-10,https://www.csrc.gov.cn/csrc/c100103/c1558619/1558619/files/1638277734844_11692.pdf,100,historical_industry,0,1216588580,https://static.cninfo.com.cn/finalpage/2023-04-26/1216588580.PDF,2023-04-26,12,000861 海印股份,8533c3f583691401a939a0b527386ce5987e612121c18fc29e31435cda68660f,True,True,source_chain_recovered; current_sector_adjudication_pending,False
000868.SZ:2023,C36,2021-11-10,https://www.csrc.gov.cn/csrc/c100103/c1558619/1558619/files/1638277734844_11692.pdf,47,historical_industry,0,1216562190,https://static.cninfo.com.cn/finalpage/2023-04-25/1216562190.PDF,2023-04-25,10,000868 安凯客车,5066e44bf20c475c32243444ab0f282e9aa8fb7948d0e197501cea43190be75c,True,True,source_chain_recovered; current_sector_adjudication_pending,False
000890.SZ:2023,C33,2021-11-10,https://www.csrc.gov.cn/csrc/c100103/c1558619/1558619/files/1638277734844_11692.pdf,34,historical_industry,0,1216702609,https://static.cninfo.com.cn/finalpage/2023-04-29/1216702609.PDF,2023-04-29,10,000890 法尔胜,7f3b4d55f6609e09212e104a9e1602f964d66c11ed63d5e78e7cceab0253573a,True,True,source_chain_recovered; current_sector_adjudication_pending,False
000897.SZ:2023,K70,2021-11-10,https://www.csrc.gov.cn/csrc/c100103/c1558619/1558619/files/1638277734844_11692.pdf,98,historical_industry,0,1216280228,https://static.cninfo.com.cn/finalpage/2023-03-31/1216280228.PDF,2023-03-31,10,000897 津滨发展,5cf60a4b6c19c5fbce2754a4260b1d9378352a69b7c596327b97ca4572b37f03,True,True,source_chain_recovered; current_sector_adjudication_pending,False
000903.SZ:2023,C34,2021-11-10,https://www.csrc.gov.cn/csrc/c100103/c1558619/1558619/files/1638277734844_11692.pdf,37,historical_industry,0,1216683117,https://static.cninfo.com.cn/finalpage/2023-04-29/1216683117.PDF,2023-04-29,10,000903 云内动力,771e27a39a784c5f98c7bbd0fb658c81d86509f35fae0173012c7432329f0562,True,True,source_chain_recovered; current_sector_adjudication_pending,False
000920.SZ:2023,C26,2021-11-10,https://www.csrc.gov.cn/csrc/c100103/c1558619/1558619/files/1638277734844_11692.pdf,13,historical_industry,0,1216357642,https://static.cninfo.com.cn/finalpage/2023-04-08/1216357642.PDF,2023-04-08,10,000920 沃顿科技,6913921b22688a92b1efc7592563d7c72fbf82cd7fc5848b64a5b333f886088a,True,True,source_chain_recovered; current_sector_adjudication_pending,False
000925.SZ:2023,C35,2021-11-10,https://www.csrc.gov.cn/csrc/c100103/c1558619/1558619/files/1638277734844_11692.pdf,40,historical_industry,0,1216562336,https://static.cninfo.com.cn/finalpage/2023-04-25/1216562336.PDF,2023-04-25,14,000925 众合科技,a4ee505c49b5d050da5f45dfc0c7e0d8f774d14e406010755d8283cc2c101b83,True,True,source_chain_recovered; current_sector_adjudication_pending,False
000933.SZ:2023,C32,2021-11-10,https://www.csrc.gov.cn/csrc/c100103/c1558619/1558619/files/1638277734844_11692.pdf,33,historical_industry,0,1216236727,https://static.cninfo.com.cn/finalpage/2023-03-28/1216236727.PDF,2023-03-28,12,000933 神火股份,9083cb1226c58fae38af32f9d57b050abf6124055b445f902a24e031ccd7956c,True,True,source_chain_recovered; current_sector_adjudication_pending,False
000937.SZ:2023,B06,2021-11-10,https://www.csrc.gov.cn/csrc/c100103/c1558619/1558619/files/1638277734844_11692.pdf,2,historical_industry,0,1216617445,https://static.cninfo.com.cn/finalpage/2023-04-27/1216617445.PDF,2023-04-27,10,000937 冀中能源,b3346cf00ac05cbd4d44dfbbd5a24105975f118dcdbbd4df13c9aa6ca21afdff,True,True,source_chain_recovered; current_sector_adjudication_pending,False
000982.SZ:2023,C17,2021-11-10,https://www.csrc.gov.cn/csrc/c100103/c1558619/1558619/files/1638277734844_11692.pdf,8,historical_industry,0,1216402554,https://static.cninfo.com.cn/finalpage/2023-04-14/1216402554.PDF,2023-04-14,12,000982 中银绒业,852b3e783cccb6ffae72ddca3435c5ebd5d55866f14214533f529f1fa41d432c,True,True,source_chain_recovered; current_sector_adjudication_pending,False
000989.SZ:2023,C27,2021-11-10,https://www.csrc.gov.cn/csrc/c100103/c1558619/1558619/files/1638277734844_11692.pdf,20,historical_industry,1,1216683872,https://static.cninfo.com.cn/finalpage/2023-04-29/1216683872.PDF,2023-04-29,10,000989 九芝堂,24873410cc60deab0286f43505eaca4d624ac2915e7712b4ff77c4a36ec9316a,True,True,source_chain_recovered; current_sector_adjudication_pending,False
000990.SZ:2023,C26,2021-11-10,https://www.csrc.gov.cn/csrc/c100103/c1558619/1558619/files/1638277734844_11692.pdf,13,historical_industry,0,1216222010,https://static.cninfo.com.cn/finalpage/2023-03-25/1216222010.PDF,2023-03-25,10,000990 诚志股份,da1546847a0399831d6e2dd5f34a3e63dd1a5896afd31af822643e80cf1a14ca,True,True,source_chain_recovered; current_sector_adjudication_pending,False
002014.SZ:2023,C29,2021-11-10,https://www.csrc.gov.cn/csrc/c100103/c1558619/1558619/files/1638277734844_11692.pdf,27,historical_industry,0,1216094811,https://static.cninfo.com.cn/finalpage/2023-03-11/1216094811.PDF,2023-03-11,10,002014 永新股份,1d9215376cdc4d5a221a7f26a56f4e161daa376df5874ef65b6c2b58c05ac041,True,True,source_chain_recovered; current_sector_adjudication_pending,False
002016.SZ:2023,K70,2021-11-10,https://www.csrc.gov.cn/csrc/c100103/c1558619/1558619/files/1638277734844_11692.pdf,98,historical_industry,0,1216658487,https://static.cninfo.com.cn/finalpage/2023-04-28/1216658487.PDF,2023-04-28,10,002016 世荣兆业,8b88ab2165cdf85b3ddc736572a89db4886b01e375e5107e2d9b9a95e7b9e751,True,True,source_chain_recovered; current_sector_adjudication_pending,False
002027.SZ:2023,L72,2021-11-10,https://www.csrc.gov.cn/csrc/c100103/c1558619/1558619/files/1638277734844_11692.pdf,100,historical_industry,0,1216687846,https://static.cninfo.com.cn/finalpage/2023-04-29/1216687846.PDF,2023-04-29,10,002027 分众传媒,afaad6a90112e015dbf6fef9f0e7e4f4b326bef5b3b5af25fb0a6090903837c0,True,True,source_chain_recovered; current_sector_adjudication_pending,False
002033.SZ:2023,N78,2021-11-10,https://www.csrc.gov.cn/csrc/c100103/c1558619/1558619/files/1638277734844_11692.pdf,105,historical_industry,0,1216319195,https://static.cninfo.com.cn/finalpage/2023-04-04/1216319195.PDF,2023-04-04,10,002033 丽江股份,1152dafd6d2b7662fb67f6a0695ca4118c9138d7af97de4b145cc63463134678,True,True,source_chain_recovered; current_sector_adjudication_pending,False
002039.SZ:2023,D44,2021-11-10,https://www.csrc.gov.cn/csrc/c100103/c1558619/1558619/files/1638277734844_11692.pdf,73,historical_industry,0,1216255812,https://static.cninfo.com.cn/finalpage/2023-03-30/1216255812.PDF,2023-03-30,10,002039 黔源电力,c377f6de6066a41d914630f1c85bb418aebb33cb772c36587d620d34da10d803,True,True,source_chain_recovered; current_sector_adjudication_pending,False
002040.SZ:2023,G55,2021-11-10,https://www.csrc.gov.cn/csrc/c100103/c1558619/1558619/files/1638277734844_11692.pdf,84,historical_industry,0,1216692310,https://static.cninfo.com.cn/finalpage/2023-04-29/1216692310.PDF,2023-04-29,11,002040 南京港,48ddac351770f4299172c3f9e71ad009190ccc965f57c595c49a5f24f4d1a271,True,True,source_chain_recovered; current_sector_adjudication_pending,False
002046.SZ:2023,C34,2021-11-10,https://www.csrc.gov.cn/csrc/c100103/c1558619/1558619/files/1638277734844_11692.pdf,37,historical_industry,0,1216393079,https://static.cninfo.com.cn/finalpage/2023-04-13/1216393079.PDF,2023-04-13,11,002046 国机精工,17281176d93470604c70664cd046fab47542ba8b1953d7fa75de2f1f31e91850,True,True,source_chain_recovered; current_sector_adjudication_pending,False
002050.SZ:2023,C34,2021-11-10,https://www.csrc.gov.cn/csrc/c100103/c1558619/1558619/files/1638277734844_11692.pdf,37,historical_industry,0,1216687189,https://static.cninfo.com.cn/finalpage/2023-04-29/1216687189.PDF,2023-04-29,10,002050 三花智控,bf308d0bbdae6d756356e7977c798c823fb7d327c127f31c3912ed01ab7bf0f4,True,True,source_chain_recovered; current_sector_adjudication_pending,False
002053.SZ:2023,C14,2021-11-10,https://www.csrc.gov.cn/csrc/c100103/c1558619/1558619/files/1638277734844_11692.pdf,5,historical_industry,0,1216261325,https://static.cninfo.com.cn/finalpage/2023-03-30/1216261325.PDF,2023-03-30,11,002053 云南能投,998a77c63858202f4514d466518781acb689049585384049c8fc0ad2a47d9d4a,True,True,source_chain_recovered; current_sector_adjudication_pending,False
002056.SZ:2023,C38,2021-11-10,https://www.csrc.gov.cn/csrc/c100103/c1558619/1558619/files/1638277734844_11692.pdf,53,historical_industry,0,1216073860,https://static.cninfo.com.cn/finalpage/2023-03-09/1216073860.PDF,2023-03-09,11,002056 横店东磁,ad28677fff4f90d1d59a8a100e6a59f88166894d57dd8ff37df577d268364088,True,True,source_chain_recovered; current_sector_adjudication_pending,False
002064.SZ:2023,C28,2021-11-10,https://www.csrc.gov.cn/csrc/c100103/c1558619/1558619/files/1638277734844_11692.pdf,26,historical_industry,0,1216650728,https://static.cninfo.com.cn/finalpage/2023-04-28/1216650728.PDF,2023-04-28,10,002064 华峰化学,039714675413f38847e5f105c5be2df59f2f297cb845015925ef12f510afd669,True,True,source_chain_recovered; current_sector_adjudication_pending,False
002092.SZ:2023,C26,2021-11-10,https://www.csrc.gov.cn/csrc/c100103/c1558619/1558619/files/1638277734844_11692.pdf,14,historical_industry,0,1216279646,https://static.cninfo.com.cn/finalpage/2023-03-31/1216279646.PDF,2023-03-31,12,业 002092 中泰化学,bff0f0b2d113bc00447eea678860e6017c4cce5306ed49b29958e5e8a15ce71c,True,True,source_chain_recovered; current_sector_adjudication_pending,False
002110.SZ:2023,C31,2021-11-10,https://www.csrc.gov.cn/csrc/c100103/c1558619/1558619/files/1638277734844_11692.pdf,32,historical_industry,0,1216650618,https://static.cninfo.com.cn/finalpage/2023-04-28/1216650618.PDF,2023-04-28,11,002110 三钢闽光,086a534cc2065aaa3e5cfe92e18d8d9c5f0e939038b6e51eae1c1aa14f09d902,True,True,source_chain_recovered; current_sector_adjudication_pending,False
002112.SZ:2023,C38,2021-11-10,https://www.csrc.gov.cn/csrc/c100103/c1558619/1558619/files/1638277734844_11692.pdf,53,historical_industry,0,1216410475,https://static.cninfo.com.cn/finalpage/2023-04-15/1216410475.PDF,2023-04-15,10,002112 三变科技,bddb75a8764cdd2d76ac5a5628d9f5d4f3a502c15b5919c1a87d3983a1e9b267,True,True,source_chain_recovered; current_sector_adjudication_pending,False
002117.SZ:2023,C23,2021-11-10,https://www.csrc.gov.cn/csrc/c100103/c1558619/1558619/files/1638277734844_11692.pdf,12,historical_industry,0,1216298710,https://static.cninfo.com.cn/finalpage/2023-04-01/1216298710.PDF,2023-04-01,9,002117 东港股份,b18634e7a300c6c4ce9264fae2dc3474271d59247242f34b678cf69be4c4a58e,True,True,source_chain_recovered; current_sector_adjudication_pending,False
002120.SZ:2023,G60,2021-11-10,https://www.csrc.gov.cn/csrc/c100103/c1558619/1558619/files/1638277734844_11692.pdf,85,historical_industry,0,1216587935,https://static.cninfo.com.cn/finalpage/2023-04-26/1216587935.PDF,2023-04-26,10,60 邮政业 002120 韵达股份,172a22da8b042684b6048c0387ab610358a698413a82b635ba4d86701648c343,True,True,source_chain_recovered; current_sector_adjudication_pending,False
002121.SZ:2023,C40,2021-11-10,https://www.csrc.gov.cn/csrc/c100103/c1558619/1558619/files/1638277734844_11692.pdf,71,historical_industry,0,1216698288,https://static.cninfo.com.cn/finalpage/2023-04-29/1216698288.PDF,2023-04-29,11,002121 科陆电子,9720073b7f82c02b8cb00627ba6ab1b0f5a4d7b37d5dd8f0b56eb44bcc1b8294,True,True,source_chain_recovered; current_sector_adjudication_pending,False
002125.SZ:2023,C26,2021-11-10,https://www.csrc.gov.cn/csrc/c100103/c1558619/1558619/files/1638277734844_11692.pdf,14,historical_industry,0,1216557152,https://static.cninfo.com.cn/finalpage/2023-04-25/1216557152.PDF,2023-04-25,10,002125 湘潭电化,b2cd48eb2c41984ce80eedb86e4b24cc6277bb69cebaea0bd723f53177411305,True,True,source_chain_recovered; current_sector_adjudication_pending,False
002140.SZ:2023,E48,2021-11-10,https://www.csrc.gov.cn/csrc/c100103/c1558619/1558619/files/1638277734844_11692.pdf,76,historical_industry,0,1216277045,https://static.cninfo.com.cn/finalpage/2023-03-31/1216277045.PDF,2023-03-31,10,002140 东华科技,637e8f955f479e9e88fe54d7b1636918afc6faffa562ad57863a549f248c9569,True,True,source_chain_recovered; current_sector_adjudication_pending,False
002141.SZ:2023,C38,2021-11-10,https://www.csrc.gov.cn/csrc/c100103/c1558619/1558619/files/1638277734844_11692.pdf,53,historical_industry,1,1216414253,https://static.cninfo.com.cn/finalpage/2023-04-15/1216414253.PDF,2023-04-15,11,002141 贤丰控股,5deea900805917a47de337dcbcfd8f055c86b616a9a1068112366cf921da367e,True,True,source_chain_recovered; current_sector_adjudication_pending,False
002154.SZ:2023,C18,2021-11-10,https://www.csrc.gov.cn/csrc/c100103/c1558619/1558619/files/1638277734844_11692.pdf,9,historical_industry,0,1216417716,https://static.cninfo.com.cn/finalpage/2023-04-15/1216417716.PDF,2023-04-15,10,002154 报喜鸟,0ec8d17c201f0b742af57dc27bba91c856b2b96b623c12c9c9dc20824c05b162,True,True,source_chain_recovered; current_sector_adjudication_pending,False
002160.SZ:2023,C32,2021-11-10,https://www.csrc.gov.cn/csrc/c100103/c1558619/1558619/files/1638277734844_11692.pdf,33,historical_industry,0,1216686456,https://static.cninfo.com.cn/finalpage/2023-04-29/1216686456.PDF,2023-04-29,10,002160 常铝股份,f488442d095fe53493324ea0d3393f97ae69e3ff33ead9aa26a9c5f3b70026b3,True,True,source_chain_recovered; current_sector_adjudication_pending,False
002169.SZ:2023,C38,2021-11-10,https://www.csrc.gov.cn/csrc/c100103/c1558619/1558619/files/1638277734844_11692.pdf,53,historical_industry,0,1216696192,https://static.cninfo.com.cn/finalpage/2023-04-29/1216696192.PDF,2023-04-29,13,002169 智光电气,ef5557af273aa45638982d7e87b358cd97335fea060fa4621b6d6cab95e544cb,True,True,source_chain_recovered; current_sector_adjudication_pending,False
002181.SZ:2023,L72,2021-11-10,https://www.csrc.gov.cn/csrc/c100103/c1558619/1558619/files/1638277734844_11692.pdf,100,historical_industry,0,1216358541,https://static.cninfo.com.cn/finalpage/2023-04-08/1216358541.PDF,2023-04-08,12,002181 粤传媒,d096482671dfd975528e2ce927d8c79d2b08c8ef29d9798f8cae82077e4b0b46,True,True,source_chain_recovered; current_sector_adjudication_pending,False
002185.SZ:2023,C39,2021-11-10,https://www.csrc.gov.cn/csrc/c100103/c1558619/1558619/files/1638277734844_11692.pdf,61,historical_industry,0,1216235113,https://static.cninfo.com.cn/finalpage/2023-03-28/1216235113.PDF,2023-03-28,12,002185 华天科技,7e1246dd8674564460b5bdfc0be091255e57ae98ffff5cba3ec965249f6b1922,True,True,source_chain_recovered; current_sector_adjudication_pending,False
002198.SZ:2023,C27,2021-11-10,https://www.csrc.gov.cn/csrc/c100103/c1558619/1558619/files/1638277734844_11692.pdf,21,historical_industry,0,1216689485,https://static.cninfo.com.cn/finalpage/2023-04-29/1216689485.PDF,2023-04-29,10,002198 嘉应制药,30612c6106ecd9afd1915b11f696bb57f1527613f139e537e08a742820ee6eec,True,True,source_chain_recovered; current_sector_adjudication_pending,False
002212.SZ:2023,I65,2021-11-10,https://www.csrc.gov.cn/csrc/c100103/c1558619/1558619/files/1638277734844_11692.pdf,88,historical_industry,0,1216527018,https://static.cninfo.com.cn/finalpage/2023-04-22/1216527018.PDF,2023-04-22,12,002212 天融信,edd7379226778ef83be2f3b5efce62e5d912880ccb739626977bb75ddeed9423,True,True,source_chain_recovered; current_sector_adjudication_pending,False
002223.SZ:2023,C35,2021-11-10,https://www.csrc.gov.cn/csrc/c100103/c1558619/1558619/files/1638277734844_11692.pdf,41,historical_industry,0,1216658782,https://static.cninfo.com.cn/finalpage/2023-04-28/1216658782.PDF,2023-04-28,11,002223 鱼跃医疗,bde07e3ab5d2aae894f9e562c682958c1bdaa1efc2a4c1b9e5c3d72d92614601,True,True,source_chain_recovered; current_sector_adjudication_pending,False
002224.SZ:2023,C29,2021-11-10,https://www.csrc.gov.cn/csrc/c100103/c1558619/1558619/files/1638277734844_11692.pdf,27,historical_industry,0,1216659774,https://static.cninfo.com.cn/finalpage/2023-04-28/1216659774.PDF,2023-04-28,11,002224 三力士,d56d02f3e009e4a96d7ba43d7b165352c49a2c5ccdc0324c9df64a8b3515ad78,True,True,source_chain_recovered; current_sector_adjudication_pending,False
002227.SZ:2023,C38,2021-11-10,https://www.csrc.gov.cn/csrc/c100103/c1558619/1558619/files/1638277734844_11692.pdf,53,historical_industry,0,1216593115,https://static.cninfo.com.cn/finalpage/2023-04-26/1216593115.PDF,2023-04-26,11,002227 奥特迅,6effcf258a077d2831fe1907a8e435a1b8fb70961b0d47cf5f1bbf58fd646ad2,True,True,source_chain_recovered; current_sector_adjudication_pending,False
002246.SZ:2023,C26,2021-11-10,https://www.csrc.gov.cn/csrc/c100103/c1558619/1558619/files/1638277734844_11692.pdf,14,historical_industry,0,1216441449,https://static.cninfo.com.cn/finalpage/2023-04-18/1216441449.PDF,2023-04-18,10,002246 北化股份,c356044dc9968c6aacd7de66101ca6a71f328e6fb93c2272f3574fa9c324945a,True,True,source_chain_recovered; current_sector_adjudication_pending,False
002249.SZ:2023,C38,2021-11-10,https://www.csrc.gov.cn/csrc/c100103/c1558619/1558619/files/1638277734844_11692.pdf,53,historical_industry,0,1216563400,https://static.cninfo.com.cn/finalpage/2023-04-25/1216563400.PDF,2023-04-25,13,002249 大洋电机,7767d7ce90e4fb7876ef702aed24e00b4d60bef9d4ba0c793357c4244033712d,True,True,source_chain_recovered; current_sector_adjudication_pending,False
002254.SZ:2023,C28,2021-11-10,https://www.csrc.gov.cn/csrc/c100103/c1558619/1558619/files/1638277734844_11692.pdf,26,historical_industry,0,1216167901,https://static.cninfo.com.cn/finalpage/2023-03-21/1216167901.PDF,2023-03-21,11,002254 泰和新材,e538c736885d8ca61929ca00e279c9cae1bf0d11e703ffcb28881b44ad985c10,True,True,source_chain_recovered; current_sector_adjudication_pending,False
002255.SZ:2023,C34,2021-11-10,https://www.csrc.gov.cn/csrc/c100103/c1558619/1558619/files/1638277734844_11692.pdf,37,historical_industry,0,1216371018,https://static.cninfo.com.cn/finalpage/2023-04-11/1216371018.PDF,2023-04-11,10,002255 海陆重工,a77d0319232f4483da4f43ed387d811dc453881bef53e7054855cc71bf129d07,True,True,source_chain_recovered; current_sector_adjudication_pending,False
002256.SZ:2023,D44,2021-11-10,https://www.csrc.gov.cn/csrc/c100103/c1558619/1558619/files/1638277734844_11692.pdf,73,historical_industry,0,1216379720,https://static.cninfo.com.cn/finalpage/2023-04-12/1216379720.PDF,2023-04-12,14,002256 兆新股份,78a45123923e87404d6cead4d0b0fd06bba4e9b097911eec3649266c30e2d18c,True,True,source_chain_recovered; current_sector_adjudication_pending,False
002265.SZ:2023,C36,2021-11-10,https://www.csrc.gov.cn/csrc/c100103/c1558619/1558619/files/1638277734844_11692.pdf,48,historical_industry,0,1216561363,https://static.cninfo.com.cn/finalpage/2023-04-25/1216561363.PDF,2023-04-25,10,002265 西仪股份,c8ecab1deb145b970aac419713de9ca8352e10eb65050868ba668402677867d6,True,True,source_chain_recovered; current_sector_adjudication_pending,False
002267.SZ:2023,D45,2021-11-10,https://www.csrc.gov.cn/csrc/c100103/c1558619/1558619/files/1638277734844_11692.pdf,75,historical_industry,0,1216369872,https://static.cninfo.com.cn/finalpage/2023-04-11/1216369872.PDF,2023-04-11,10,002267 陕天然气,7210a8aeee4b0e6e74812840f9838876be2e4b89a57c015f694274b178fdd028,True,True,source_chain_recovered; current_sector_adjudication_pending,False
002271.SZ:2023,C30,2021-11-10,https://www.csrc.gov.cn/csrc/c100103/c1558619/1558619/files/1638277734844_11692.pdf,30,historical_industry,0,1216394196,https://static.cninfo.com.cn/finalpage/2023-04-13/1216394196.PDF,2023-04-13,10,002271 东方雨虹,dad1091805d860795f066d9d399f286973df2d03109e3e9e3b55084678ee6fce,True,True,source_chain_recovered; current_sector_adjudication_pending,False
002272.SZ:2023,C34,2021-11-10,https://www.csrc.gov.cn/csrc/c100103/c1558619/1558619/files/1638277734844_11692.pdf,37,historical_industry,0,1216683565,https://static.cninfo.com.cn/finalpage/2023-04-29/1216683565.PDF,2023-04-29,11,002272 川润股份,093baf29948d865e727a473e3df460d5e05aac96a499245c3cee279caf6b9c1e,True,True,source_chain_recovered; current_sector_adjudication_pending,False
002275.SZ:2023,C27,2021-11-10,https://www.csrc.gov.cn/csrc/c100103/c1558619/1558619/files/1638277734844_11692.pdf,21,historical_industry,0,1216646871,https://static.cninfo.com.cn/finalpage/2023-04-28/1216646871.PDF,2023-04-28,10,002275 桂林三金,742749c3036c233f0cdff50744eac7c4c739bfd935e921887c2a37e08ad151d4,True,True,source_chain_recovered; current_sector_adjudication_pending,False
002286.SZ:2023,C13,2021-11-10,https://www.csrc.gov.cn/csrc/c100103/c1558619/1558619/files/1638277734844_11692.pdf,4,historical_industry,0,1216649151,https://static.cninfo.com.cn/finalpage/2023-04-28/1216649151.PDF,2023-04-28,11,002286 保龄宝,926f49549f072ea2905e1b049593814ae333d5c3d8daa0f552a142b0963d83de,True,True,source_chain_recovered; current_sector_adjudication_pending,False
002290.SZ:2023,C38,2021-11-10,https://www.csrc.gov.cn/csrc/c100103/c1558619/1558619/files/1638277734844_11692.pdf,53,historical_industry,0,1216256122,https://static.cninfo.com.cn/finalpage/2023-03-30/1216256122.PDF,2023-03-30,10,002290 禾盛新材,d8bebe10de95a652230810c798c64b9497168af436a220a610bbd029f92edcff,True,True,source_chain_recovered; current_sector_adjudication_pending,False
002293.SZ:2023,C17,2021-11-10,https://www.csrc.gov.cn/csrc/c100103/c1558619/1558619/files/1638277734844_11692.pdf,8,historical_industry,0,1216473950,https://static.cninfo.com.cn/finalpage/2023-04-20/1216473950.PDF,2023-04-20,9,002293 罗莱生活,9433b7a95b3ac39be4216901e7d1e7bdf9b55501730762fbe526d46c9965349a,True,True,source_chain_recovered; current_sector_adjudication_pending,False
002294.SZ:2023,C27,2021-11-10,https://www.csrc.gov.cn/csrc/c100103/c1558619/1558619/files/1638277734844_11692.pdf,21,historical_industry,0,1216245817,https://static.cninfo.com.cn/finalpage/2023-03-29/1216245817.PDF,2023-03-29,13,002294 信立泰,df4690a21ed9aa72cf593d7fa2ca3e2f8f94c51750cac6ee0ccdd2fdc9df2864,True,True,source_chain_recovered; current_sector_adjudication_pending,False
002297.SZ:2023,C30,2021-11-10,https://www.csrc.gov.cn/csrc/c100103/c1558619/1558619/files/1638277734844_11692.pdf,30,historical_industry,0,1216413953,https://static.cninfo.com.cn/finalpage/2023-04-15/1216413953.PDF,2023-04-15,10,002297 博云新材,9cc3730d9f1686f4fbfdd5ab7f9f4afa1c8e7fdeaa562f62fba31e5ef2278e82,True,True,source_chain_recovered; current_sector_adjudication_pending,False
002308.SZ:2023,C39,2021-11-10,https://www.csrc.gov.cn/csrc/c100103/c1558619/1558619/files/1638277734844_11692.pdf,61,historical_industry,0,1216584421,https://static.cninfo.com.cn/finalpage/2023-04-26/1216584421.PDF,2023-04-26,10,002308 威创股份,7925f256cd8e8e11e999c3ed31094476aa47f3bfcfd03991869965ae63f4e4a1,True,True,source_chain_recovered; current_sector_adjudication_pending,False
002310.SZ:2023,N77,2021-11-10,https://www.csrc.gov.cn/csrc/c100103/c1558619/1558619/files/1638277734844_11692.pdf,103,historical_industry,1,1216591739,https://static.cninfo.com.cn/finalpage/2023-04-26/1216591739.PDF,2023-04-26,10,002310 东方园林,86e334444f7d281670ddfd90b70a454cb381b6511665c07fcf7bbe0113818226,True,True,source_chain_recovered; current_sector_adjudication_pending,False
002316.SZ:2023,I65,2021-11-10,https://www.csrc.gov.cn/csrc/c100103/c1558619/1558619/files/1638277734844_11692.pdf,88,historical_industry,0,1216276462,https://static.cninfo.com.cn/finalpage/2023-03-31/1216276462.PDF,2023-03-31,10,002316 亚联发展,fbb4b04db42b83db6b7f81805ab63ef2d19ca5db6033ace101d3dfbcda291eaa,True,True,source_chain_recovered; current_sector_adjudication_pending,False
002320.SZ:2023,G55,2021-11-10,https://www.csrc.gov.cn/csrc/c100103/c1558619/1558619/files/1638277734844_11692.pdf,84,historical_industry,0,1216220188,https://static.cninfo.com.cn/finalpage/2023-03-27/1216220188.PDF,2023-03-27,10,002320 海峡股份,38d0a636cb4da8a61e2576d6d2ed3886737e6b97dd24b4ca2f22aa88fae1b440,True,True,source_chain_recovered; current_sector_adjudication_pending,False
002325.SZ:2023,E50,2021-11-10,https://www.csrc.gov.cn/csrc/c100103/c1558619/1558619/files/1638277734844_11692.pdf,78,historical_industry,0,1216704120,https://static.cninfo.com.cn/finalpage/2023-04-29/1216704120.PDF,2023-04-29,11,002325 洪涛股份,a389196323415c9260af3f497371a9920c7bc4ab74aecac68bb54f77a3b40956,True,True,source_chain_recovered; current_sector_adjudication_pending,False
002332.SZ:2023,C27,2021-11-10,https://www.csrc.gov.cn/csrc/c100103/c1558619/1558619/files/1638277734844_11692.pdf,21,historical_industry,0,1216585342,https://static.cninfo.com.cn/finalpage/2023-04-26/1216585342.PDF,2023-04-26,12,002332 仙琚制药,1bbb6a9730967b8ac94161cfe595462b7322c9f85fb5d452e5a6cc6da8e2ca40,True,True,source_chain_recovered; current_sector_adjudication_pending,False
002340.SZ:2023,C42,2021-11-10,https://www.csrc.gov.cn/csrc/c100103/c1558619/1558619/files/1638277734844_11692.pdf,73,historical_industry,0,1216702668,https://static.cninfo.com.cn/finalpage/2023-04-29/1216702668.PDF,2023-04-29,12,制造业(C) 42 废弃资源综合利用业 002340 格林美,84fd5fdc54d257d11494ea72cc9c76780f969ec6692e4897837ae767680e8be6,True,True,source_chain_recovered; current_sector_adjudication_pending,False
002346.SZ:2023,C38,2021-11-10,https://www.csrc.gov.cn/csrc/c100103/c1558619/1558619/files/1638277734844_11692.pdf,54,historical_industry,0,1216685212,https://static.cninfo.com.cn/finalpage/2023-04-29/1216685212.PDF,2023-04-29,10,002346 柘中股份,ac1abd84530e1413259c2a9a9e872f4f666bb547080918e13112479c06b6f405,True,True,source_chain_recovered; current_sector_adjudication_pending,False
002350.SZ:2023,C38,2021-11-10,https://www.csrc.gov.cn/csrc/c100103/c1558619/1558619/files/1638277734844_11692.pdf,54,historical_industry,0,1216580229,https://static.cninfo.com.cn/finalpage/2023-04-26/1216580229.PDF,2023-04-26,11,002350 北京科锐,0fdf81b8857e791e30068da8f5f2e270fb5a07c0bc566b134c3c0b7b5d2743bf,True,True,source_chain_recovered; current_sector_adjudication_pending,False
002360.SZ:2023,C26,2021-11-10,https://www.csrc.gov.cn/csrc/c100103/c1558619/1558619/files/1638277734844_11692.pdf,14,historical_industry,0,1216561409,https://static.cninfo.com.cn/finalpage/2023-04-25/1216561409.PDF,2023-04-25,10,002360 同德化工,580d0ee81ff02b4919806b4737517ae6b2f9c17877dcb692a89f3ae9bac0238c,True,True,source_chain_recovered; current_sector_adjudication_pending,False
002364.SZ:2023,C38,2021-11-10,https://www.csrc.gov.cn/csrc/c100103/c1558619/1558619/files/1638277734844_11692.pdf,54,historical_industry,0,1216685389,https://static.cninfo.com.cn/finalpage/2023-04-29/1216685389.PDF,2023-04-29,11,002364 中恒电气,26df341e6f670fec1686972e001fcf0eedbca2ce87d8e354e991c65bccbdb243,True,True,source_chain_recovered; current_sector_adjudication_pending,False
002365.SZ:2023,C27,2021-11-10,https://www.csrc.gov.cn/csrc/c100103/c1558619/1558619/files/1638277734844_11692.pdf,21,historical_industry,0,1216258461,https://static.cninfo.com.cn/finalpage/2023-03-30/1216258461.PDF,2023-03-30,10,002365 永安药业,32696268b1f45294d159ceb71adbec1beb04128f9bb6573bbfac300d56aed6ca,True,True,source_chain_recovered; current_sector_adjudication_pending,False
002374.SZ:2023,C33,2021-11-10,https://www.csrc.gov.cn/csrc/c100103/c1558619/1558619/files/1638277734844_11692.pdf,35,historical_industry,0,1216689440,https://static.cninfo.com.cn/finalpage/2023-04-29/1216689440.PDF,2023-04-29,10,002374 中锐股份,abee89956a341c8b167a14a921d7c89be96dd91399aeaaa9d4f3303d8b75b1c6,True,True,source_chain_recovered; current_sector_adjudication_pending,False
002378.SZ:2023,C32,2021-11-10,https://www.csrc.gov.cn/csrc/c100103/c1558619/1558619/files/1638277734844_11692.pdf,33,historical_industry,0,1216437721,https://static.cninfo.com.cn/finalpage/2023-04-18/1216437721.PDF,2023-04-18,10,002378 章源钨业,596353aee9e90db28a9726d296ec4cc028a73fd15d824dd6d9da12ed175571ef,True,True,source_chain_recovered; current_sector_adjudication_pending,False
002380.SZ:2023,I65,2021-11-10,https://www.csrc.gov.cn/csrc/c100103/c1558619/1558619/files/1638277734844_11692.pdf,88,historical_industry,0,1216593556,https://static.cninfo.com.cn/finalpage/2023-04-26/1216593556.PDF,2023-04-26,10,002380 科远智慧,eccfe0b52a5462588d86da01918900516e94f005c442e3010c6c90532c03c85c,True,True,source_chain_recovered; current_sector_adjudication_pending,False
002382.SZ:2023,C35,2021-11-10,https://www.csrc.gov.cn/csrc/c100103/c1558619/1558619/files/1638277734844_11692.pdf,41,historical_industry,0,1216691745,https://static.cninfo.com.cn/finalpage/2023-04-29/1216691745.PDF,2023-04-29,10,002382 蓝帆医疗,f1b734778ae81f8f55c091d972ed76c62542ef58bc96e4cce9e5088858c5d8a1,True,True,source_chain_recovered; current_sector_adjudication_pending,False
002384.SZ:2023,C39,2021-11-10,https://www.csrc.gov.cn/csrc/c100103/c1558619/1558619/files/1638277734844_11692.pdf,61,historical_industry,0,1216496394,https://static.cninfo.com.cn/finalpage/2023-04-21/1216496394.PDF,2023-04-21,11,002384 东山精密,2038e7a0c122fb2f6d81c7d9fcde82b594128260e2467efe7fdbe9a8a4efb5de,True,True,source_chain_recovered; current_sector_adjudication_pending,False
002391.SZ:2023,C26,2021-11-10,https://www.csrc.gov.cn/csrc/c100103/c1558619/1558619/files/1638277734844_11692.pdf,14,historical_industry,0,1216383287,https://static.cninfo.com.cn/finalpage/2023-04-12/1216383287.PDF,2023-04-12,10,002391 长青股份,02d11a221af0dd63959d163c391abcb8dadc02a506c973324c49dfad87322e9c,True,True,source_chain_recovered; current_sector_adjudication_pending,False
002396.SZ:2023,C39,2021-11-10,https://www.csrc.gov.cn/csrc/c100103/c1558619/1558619/files/1638277734844_11692.pdf,61,historical_industry,0,1216273286,https://static.cninfo.com.cn/finalpage/2023-03-31/1216273286.PDF,2023-03-31,11,002396 星网锐捷,c014c6b5d9266c9233bfc4690cfdd58219a4b549a412719ac19fb75bb48d93ef,True,True,source_chain_recovered; current_sector_adjudication_pending,False
002402.SZ:2023,C39,2021-11-10,https://www.csrc.gov.cn/csrc/c100103/c1558619/1558619/files/1638277734844_11692.pdf,61,historical_industry,0,1216246546,https://static.cninfo.com.cn/finalpage/2023-03-29/1216246546.PDF,2023-03-29,11,002402 和而泰,215bb2da3648b0902d531bb3e1d5d10c316f65c106b0d4caf857edd0656a9cb0,True,True,source_chain_recovered; current_sector_adjudication_pending,False
002405.SZ:2023,I65,2021-11-10,https://www.csrc.gov.cn/csrc/c100103/c1558619/1558619/files/1638277734844_11692.pdf,88,historical_industry,0,1216525087,https://static.cninfo.com.cn/finalpage/2023-04-22/1216525087.PDF,2023-04-22,11,002405 四维图新,ba2276f21300bfed2ddd70e7ca4be3a243ef60935dfb1cc6eda57f682a085417,True,True,source_chain_recovered; current_sector_adjudication_pending,False
002410.SZ:2023,I65,2021-11-10,https://www.csrc.gov.cn/csrc/c100103/c1558619/1558619/files/1638277734844_11692.pdf,88,historical_industry,0,1216220214,https://static.cninfo.com.cn/finalpage/2023-03-25/1216220214.PDF,2023-03-25,9,002410 广联达,ae7961626d15394c53fea2602d6d2b9027532fe791ccf236ddf14415d305c7b5,True,True,source_chain_recovered; current_sector_adjudication_pending,False
002413.SZ:2023,C39,2021-11-10,https://www.csrc.gov.cn/csrc/c100103/c1558619/1558619/files/1638277734844_11692.pdf,61,historical_industry,0,1216412717,https://static.cninfo.com.cn/finalpage/2023-04-17/1216412717.PDF,2023-04-17,10,002413 雷科防务,1c568ddbef8542674323602749b4e1b6401dd64aa8221319bd7512c9d6a9c7df,True,True,source_chain_recovered; current_sector_adjudication_pending,False
002426.SZ:2023,C39,2021-11-10,https://www.csrc.gov.cn/csrc/c100103/c1558619/1558619/files/1638277734844_11692.pdf,61,historical_industry,0,1216382212,https://static.cninfo.com.cn/finalpage/2023-04-12/1216382212.PDF,2023-04-12,10,002426 胜利精密,67a19b034cf3e9870f26ac9850fcdcb9c970de7443f11146932e457edbe67e93,True,True,source_chain_recovered; current_sector_adjudication_pending,False
002429.SZ:2023,C39,2021-11-10,https://www.csrc.gov.cn/csrc/c100103/c1558619/1558619/files/1638277734844_11692.pdf,61,historical_industry,0,1216373479,https://static.cninfo.com.cn/finalpage/2023-04-11/1216373479.PDF,2023-04-11,11,002429 兆驰股份,8c48b61dd9b9b174a4435842ba70a9a42fc70dc01ec19e84348ec871e9483f2d,True,True,source_chain_recovered; current_sector_adjudication_pending,False
