sample_id,firm_id,split,label,probability,threshold,variant
000012.SZ:2017,000012.SZ,train,0,0.14929263325327985,0.9626639978874088,logistic_regression
000012.SZ:2019,000012.SZ,train,0,0.10173692151550758,0.9626639978874088,logistic_regression
000012.SZ:2020,000012.SZ,train,0,0.10006790484346494,0.9626639978874088,logistic_regression
000012.SZ:2021,000012.SZ,train,0,0.010306059143419713,0.9626639978874088,logistic_regression
000012.SZ:2022,000012.SZ,validation,0,0.000846732985630606,0.9626639978874088,logistic_regression
000012.SZ:2023,000012.SZ,validation,0,0.006764922486963301,0.9626639978874088,logistic_regression
000012.SZ:2024,000012.SZ,test,0,0.03201514803067593,0.9626639978874088,logistic_regression
000018.SZ:2017,000018.SZ,train,0,0.602717019791635,0.9626639978874088,logistic_regression
000019.SZ:2017,000019.SZ,train,0,1.3462131800946443e-05,0.9626639978874088,logistic_regression
000019.SZ:2018,000019.SZ,train,0,0.028617713486288724,0.9626639978874088,logistic_regression
000019.SZ:2020,000019.SZ,train,0,2.9631679877705388e-05,0.9626639978874088,logistic_regression
000019.SZ:2021,000019.SZ,train,0,4.685863176749654e-05,0.9626639978874088,logistic_regression
000019.SZ:2022,000019.SZ,validation,0,0.00014123733245494956,0.9626639978874088,logistic_regression
000019.SZ:2023,000019.SZ,validation,0,0.0001857222404393179,0.9626639978874088,logistic_regression
000019.SZ:2024,000019.SZ,test,0,0.00025981714488644455,0.9626639978874088,logistic_regression
000040.SZ:2017,000040.SZ,train,0,0.0032229611061349228,0.9626639978874088,logistic_regression
000040.SZ:2022,000040.SZ,validation,0,0.6072470047336278,0.9626639978874088,logistic_regression
000048.SZ:2020,000048.SZ,train,0,0.00016359549539639217,0.9626639978874088,logistic_regression
000048.SZ:2021,000048.SZ,train,0,0.02526861368863129,0.9626639978874088,logistic_regression
000048.SZ:2022,000048.SZ,validation,0,0.2166188902487318,0.9626639978874088,logistic_regression
000048.SZ:2023,000048.SZ,validation,0,0.01671467722209008,0.9626639978874088,logistic_regression
000048.SZ:2025,000048.SZ,test,0,0.01852770439185994,0.9626639978874088,logistic_regression
000055.SZ:2017,000055.SZ,train,0,0.060360513319998976,0.9626639978874088,logistic_regression
000055.SZ:2019,000055.SZ,train,0,0.0004113584036698251,0.9626639978874088,logistic_regression
000055.SZ:2020,000055.SZ,train,0,0.14920186972512922,0.9626639978874088,logistic_regression
000055.SZ:2021,000055.SZ,train,0,0.04492375165072375,0.9626639978874088,logistic_regression
000055.SZ:2022,000055.SZ,validation,0,0.04275643481119645,0.9626639978874088,logistic_regression
000055.SZ:2023,000055.SZ,validation,0,0.05433038291722051,0.9626639978874088,logistic_regression
000055.SZ:2024,000055.SZ,test,0,0.071085356902139,0.9626639978874088,logistic_regression
000055.SZ:2025,000055.SZ,test,0,0.1064628844220466,0.9626639978874088,logistic_regression
000068.SZ:2019,000068.SZ,train,0,0.9032882869859957,0.9626639978874088,logistic_regression
000068.SZ:2020,000068.SZ,train,0,0.1373036678259866,0.9626639978874088,logistic_regression
000068.SZ:2021,000068.SZ,train,0,0.814524143402212,0.9626639978874088,logistic_regression
000068.SZ:2022,000068.SZ,validation,0,0.493937431297234,0.9626639978874088,logistic_regression
000068.SZ:2023,000068.SZ,validation,0,0.6980265131252017,0.9626639978874088,logistic_regression
000068.SZ:2024,000068.SZ,test,0,0.011340269695011264,0.9626639978874088,logistic_regression
000068.SZ:2025,000068.SZ,test,0,0.2387576478114172,0.9626639978874088,logistic_regression
000099.SZ:2017,000099.SZ,train,0,0.015586279708275317,0.9626639978874088,logistic_regression
000099.SZ:2018,000099.SZ,train,0,0.04307035466715309,0.9626639978874088,logistic_regression
000099.SZ:2019,000099.SZ,train,0,0.013770362060510783,0.9626639978874088,logistic_regression
000099.SZ:2020,000099.SZ,train,0,0.03968853780560453,0.9626639978874088,logistic_regression
000099.SZ:2021,000099.SZ,train,0,0.001672127375243025,0.9626639978874088,logistic_regression
000099.SZ:2022,000099.SZ,validation,0,6.783558122111029e-05,0.9626639978874088,logistic_regression
000099.SZ:2023,000099.SZ,validation,0,0.00025276850360640235,0.9626639978874088,logistic_regression
000419.SZ:2017,000419.SZ,train,0,0.026595368787749873,0.9626639978874088,logistic_regression
000419.SZ:2018,000419.SZ,train,0,0.0332207388676191,0.9626639978874088,logistic_regression
000419.SZ:2019,000419.SZ,train,0,0.013980069873429424,0.9626639978874088,logistic_regression
000419.SZ:2020,000419.SZ,train,0,0.010338159820056673,0.9626639978874088,logistic_regression
000419.SZ:2021,000419.SZ,train,0,0.012633207493733999,0.9626639978874088,logistic_regression
000419.SZ:2022,000419.SZ,validation,0,0.015895459878429455,0.9626639978874088,logistic_regression
000419.SZ:2023,000419.SZ,validation,0,0.012971318469559658,0.9626639978874088,logistic_regression
000419.SZ:2024,000419.SZ,test,0,0.009771025878530468,0.9626639978874088,logistic_regression
000501.SZ:2017,000501.SZ,train,0,0.07362360852511604,0.9626639978874088,logistic_regression
000501.SZ:2018,000501.SZ,train,0,0.00826069272823866,0.9626639978874088,logistic_regression
000501.SZ:2019,000501.SZ,train,0,0.05345183028779544,0.9626639978874088,logistic_regression
000501.SZ:2020,000501.SZ,train,0,0.018273690135376823,0.9626639978874088,logistic_regression
000501.SZ:2021,000501.SZ,train,0,0.05311857964906317,0.9626639978874088,logistic_regression
000501.SZ:2022,000501.SZ,validation,0,0.09220754051840428,0.9626639978874088,logistic_regression
000501.SZ:2023,000501.SZ,validation,0,0.09950992216619585,0.9626639978874088,logistic_regression
000501.SZ:2024,000501.SZ,test,0,0.18142703554228412,0.9626639978874088,logistic_regression
000501.SZ:2025,000501.SZ,test,0,0.12453920730968913,0.9626639978874088,logistic_regression
000504.SZ:2018,000504.SZ,train,0,0.7039305407376704,0.9626639978874088,logistic_regression
000504.SZ:2019,000504.SZ,train,1,0.9306921006587322,0.9626639978874088,logistic_regression
000504.SZ:2021,000504.SZ,train,0,0.7963070715030315,0.9626639978874088,logistic_regression
000504.SZ:2022,000504.SZ,validation,0,0.998033058096553,0.9626639978874088,logistic_regression
000504.SZ:2023,000504.SZ,validation,0,0.9993951871851179,0.9626639978874088,logistic_regression
000504.SZ:2024,000504.SZ,test,1,0.968925018376215,0.9626639978874088,logistic_regression
000533.SZ:2019,000533.SZ,train,0,0.9987480671055067,0.9626639978874088,logistic_regression
000533.SZ:2020,000533.SZ,train,0,0.9498040082613902,0.9626639978874088,logistic_regression
000533.SZ:2021,000533.SZ,train,0,0.5877066439017167,0.9626639978874088,logistic_regression
000533.SZ:2022,000533.SZ,validation,0,0.9380241928106421,0.9626639978874088,logistic_regression
000533.SZ:2023,000533.SZ,validation,0,0.8317329634453527,0.9626639978874088,logistic_regression
000533.SZ:2024,000533.SZ,test,0,0.9121120944133637,0.9626639978874088,logistic_regression
000533.SZ:2025,000533.SZ,test,0,0.8332629734735454,0.9626639978874088,logistic_regression
000534.SZ:2020,000534.SZ,train,0,0.13243727782645068,0.9626639978874088,logistic_regression
000534.SZ:2021,000534.SZ,train,0,0.1168033390938123,0.9626639978874088,logistic_regression
000534.SZ:2022,000534.SZ,validation,0,0.05919047946345446,0.9626639978874088,logistic_regression
000534.SZ:2023,000534.SZ,validation,0,0.05400278104520662,0.9626639978874088,logistic_regression
000534.SZ:2024,000534.SZ,test,0,0.048998333405223124,0.9626639978874088,logistic_regression
000545.SZ:2017,000545.SZ,train,0,0.00590751738936361,0.9626639978874088,logistic_regression
000545.SZ:2018,000545.SZ,train,0,0.002551955882539454,0.9626639978874088,logistic_regression
000545.SZ:2019,000545.SZ,train,0,0.007084163950040834,0.9626639978874088,logistic_regression
000545.SZ:2021,000545.SZ,train,0,0.69659190525602,0.9626639978874088,logistic_regression
000545.SZ:2022,000545.SZ,validation,0,0.024251062386640748,0.9626639978874088,logistic_regression
000545.SZ:2023,000545.SZ,validation,0,0.18554004714050037,0.9626639978874088,logistic_regression
000545.SZ:2024,000545.SZ,test,0,0.5781236748806716,0.9626639978874088,logistic_regression
000545.SZ:2025,000545.SZ,test,0,0.7441245084121714,0.9626639978874088,logistic_regression
000553.SZ:2017,000553.SZ,train,0,0.07127435971892351,0.9626639978874088,logistic_regression
000555.SZ:2017,000555.SZ,train,0,0.37648973650051826,0.9626639978874088,logistic_regression
000555.SZ:2022,000555.SZ,validation,0,0.02214010785710089,0.9626639978874088,logistic_regression
000555.SZ:2023,000555.SZ,validation,0,0.09036307353227231,0.9626639978874088,logistic_regression
000555.SZ:2024,000555.SZ,test,0,0.13973899913099308,0.9626639978874088,logistic_regression
000555.SZ:2025,000555.SZ,test,0,0.22497943558592134,0.9626639978874088,logistic_regression
000557.SZ:2020,000557.SZ,train,0,0.00045766000833575096,0.9626639978874088,logistic_regression
000557.SZ:2021,000557.SZ,train,0,4.599071058461714e-05,0.9626639978874088,logistic_regression
000557.SZ:2022,000557.SZ,validation,0,3.53543186338783e-05,0.9626639978874088,logistic_regression
000557.SZ:2023,000557.SZ,validation,0,9.349051964097064e-06,0.9626639978874088,logistic_regression
000557.SZ:2024,000557.SZ,test,0,5.44319539497024e-08,0.9626639978874088,logistic_regression
000557.SZ:2025,000557.SZ,test,0,3.067924645028159e-05,0.9626639978874088,logistic_regression
000576.SZ:2017,000576.SZ,train,0,1.0416054984716541e-05,0.9626639978874088,logistic_regression
000576.SZ:2021,000576.SZ,train,0,2.499104581076076e-06,0.9626639978874088,logistic_regression
000576.SZ:2022,000576.SZ,validation,0,4.280321165513824e-05,0.9626639978874088,logistic_regression
000576.SZ:2023,000576.SZ,validation,0,0.0003760348811169059,0.9626639978874088,logistic_regression
000576.SZ:2024,000576.SZ,test,0,0.044981634820513774,0.9626639978874088,logistic_regression
000576.SZ:2025,000576.SZ,test,0,0.004112200674288052,0.9626639978874088,logistic_regression
000581.SZ:2017,000581.SZ,train,0,0.0002711899701484039,0.9626639978874088,logistic_regression
000581.SZ:2018,000581.SZ,train,0,0.00018880793993159462,0.9626639978874088,logistic_regression
000581.SZ:2019,000581.SZ,train,0,0.0001549809795246076,0.9626639978874088,logistic_regression
000581.SZ:2020,000581.SZ,train,0,0.0009032258873726581,0.9626639978874088,logistic_regression
000581.SZ:2021,000581.SZ,train,0,0.0010962496832127785,0.9626639978874088,logistic_regression
000581.SZ:2022,000581.SZ,validation,0,0.0007157834249090138,0.9626639978874088,logistic_regression
000581.SZ:2023,000581.SZ,validation,0,0.039991809905328385,0.9626639978874088,logistic_regression
000581.SZ:2024,000581.SZ,test,0,0.006894793697085407,0.9626639978874088,logistic_regression
000581.SZ:2025,000581.SZ,test,0,0.009575677088757426,0.9626639978874088,logistic_regression
000585.SZ:2017,000585.SZ,train,1,0.9999857175840702,0.9626639978874088,logistic_regression
000589.SZ:2020,000589.SZ,train,0,0.5980082209589388,0.9626639978874088,logistic_regression
000589.SZ:2021,000589.SZ,train,0,0.046782281296671994,0.9626639978874088,logistic_regression
000589.SZ:2022,000589.SZ,validation,0,0.06272749099745484,0.9626639978874088,logistic_regression
000589.SZ:2023,000589.SZ,validation,0,0.04272080070496821,0.9626639978874088,logistic_regression
000589.SZ:2024,000589.SZ,test,0,0.10802554764427072,0.9626639978874088,logistic_regression
000589.SZ:2025,000589.SZ,test,0,0.05576818617785271,0.9626639978874088,logistic_regression
000593.SZ:2017,000593.SZ,train,0,0.36160347139962284,0.9626639978874088,logistic_regression
000593.SZ:2018,000593.SZ,train,0,0.008010719618372134,0.9626639978874088,logistic_regression
000593.SZ:2019,000593.SZ,train,0,0.9056651537453841,0.9626639978874088,logistic_regression
000593.SZ:2020,000593.SZ,train,0,0.19285233891277895,0.9626639978874088,logistic_regression
000593.SZ:2021,000593.SZ,train,0,0.16765517509002653,0.9626639978874088,logistic_regression
000593.SZ:2022,000593.SZ,validation,0,0.12406110009240894,0.9626639978874088,logistic_regression
000593.SZ:2023,000593.SZ,validation,0,0.08231461727007358,0.9626639978874088,logistic_regression
000593.SZ:2025,000593.SZ,test,0,0.20469426888063147,0.9626639978874088,logistic_regression
000598.SZ:2017,000598.SZ,train,0,0.014985968508588703,0.9626639978874088,logistic_regression
000598.SZ:2019,000598.SZ,train,0,0.03973255132151413,0.9626639978874088,logistic_regression
000598.SZ:2020,000598.SZ,train,0,0.03355408439823009,0.9626639978874088,logistic_regression
000598.SZ:2021,000598.SZ,train,0,0.060520658270949,0.9626639978874088,logistic_regression
000598.SZ:2022,000598.SZ,validation,0,0.05416398882962285,0.9626639978874088,logistic_regression
000598.SZ:2023,000598.SZ,validation,0,0.03682427059471281,0.9626639978874088,logistic_regression
000598.SZ:2024,000598.SZ,test,0,0.053352501000919136,0.9626639978874088,logistic_regression
000598.SZ:2025,000598.SZ,test,0,0.06922496079883594,0.9626639978874088,logistic_regression
000599.SZ:2017,000599.SZ,train,0,0.12586212326821455,0.9626639978874088,logistic_regression
000599.SZ:2018,000599.SZ,train,0,0.06103510265432738,0.9626639978874088,logistic_regression
000599.SZ:2019,000599.SZ,train,0,0.0710301323939835,0.9626639978874088,logistic_regression
000599.SZ:2020,000599.SZ,train,0,0.22809567353790658,0.9626639978874088,logistic_regression
000599.SZ:2021,000599.SZ,train,0,0.17514773773557393,0.9626639978874088,logistic_regression
000599.SZ:2022,000599.SZ,validation,0,0.25563942887640306,0.9626639978874088,logistic_regression
000599.SZ:2023,000599.SZ,validation,0,0.5437414816411767,0.9626639978874088,logistic_regression
000599.SZ:2024,000599.SZ,test,0,0.3006484550995301,0.9626639978874088,logistic_regression
000599.SZ:2025,000599.SZ,test,0,0.25384527454697037,0.9626639978874088,logistic_regression
000610.SZ:2020,000610.SZ,train,0,0.08983100509359043,0.9626639978874088,logistic_regression
000610.SZ:2021,000610.SZ,train,0,0.01049099940407864,0.9626639978874088,logistic_regression
000610.SZ:2022,000610.SZ,validation,0,0.09924880201841631,0.9626639978874088,logistic_regression
000610.SZ:2023,000610.SZ,validation,0,0.43289851620304143,0.9626639978874088,logistic_regression
000610.SZ:2024,000610.SZ,test,0,0.3669133752915081,0.9626639978874088,logistic_regression
000610.SZ:2025,000610.SZ,test,1,0.13615745141270255,0.9626639978874088,logistic_regression
000612.SZ:2020,000612.SZ,train,0,0.05708737440042985,0.9626639978874088,logistic_regression
000612.SZ:2021,000612.SZ,train,0,0.004755758347622664,0.9626639978874088,logistic_regression
000612.SZ:2022,000612.SZ,validation,0,0.006339288089615457,0.9626639978874088,logistic_regression
000612.SZ:2023,000612.SZ,validation,0,0.0060257487282006335,0.9626639978874088,logistic_regression
000612.SZ:2024,000612.SZ,test,0,0.0018118213258133944,0.9626639978874088,logistic_regression
000612.SZ:2025,000612.SZ,test,0,0.0005798474229259586,0.9626639978874088,logistic_regression
000626.SZ:2017,000626.SZ,train,0,0.014273543981848338,0.9626639978874088,logistic_regression
000626.SZ:2018,000626.SZ,train,0,0.0847275670088555,0.9626639978874088,logistic_regression
000626.SZ:2020,000626.SZ,train,0,0.03237404049573854,0.9626639978874088,logistic_regression
000626.SZ:2021,000626.SZ,train,0,0.017758874836454816,0.9626639978874088,logistic_regression
000626.SZ:2022,000626.SZ,validation,0,0.06393668268010681,0.9626639978874088,logistic_regression
000626.SZ:2023,000626.SZ,validation,0,0.01350497807098257,0.9626639978874088,logistic_regression
000626.SZ:2024,000626.SZ,test,0,0.07920738196388143,0.9626639978874088,logistic_regression
000626.SZ:2025,000626.SZ,test,0,0.8143169458561835,0.9626639978874088,logistic_regression
000628.SZ:2023,000628.SZ,validation,0,0.23813543444657875,0.9626639978874088,logistic_regression
000629.SZ:2019,000629.SZ,train,0,4.0701270920723886e-05,0.9626639978874088,logistic_regression
000629.SZ:2020,000629.SZ,train,0,6.46601361706423e-05,0.9626639978874088,logistic_regression
000629.SZ:2021,000629.SZ,train,0,0.0003280166589756963,0.9626639978874088,logistic_regression
000629.SZ:2022,000629.SZ,validation,0,2.1050197599324527e-05,0.9626639978874088,logistic_regression
000629.SZ:2023,000629.SZ,validation,0,6.966574309998974e-05,0.9626639978874088,logistic_regression
000629.SZ:2024,000629.SZ,test,0,0.0003453345195172751,0.9626639978874088,logistic_regression
000629.SZ:2025,000629.SZ,test,0,0.00022600604899925984,0.9626639978874088,logistic_regression
000633.SZ:2018,000633.SZ,train,0,0.15661743729082334,0.9626639978874088,logistic_regression
000633.SZ:2019,000633.SZ,train,0,0.06960377958396845,0.9626639978874088,logistic_regression
000633.SZ:2022,000633.SZ,validation,0,0.01574541204163898,0.9626639978874088,logistic_regression
000633.SZ:2023,000633.SZ,validation,0,0.02688380189557295,0.9626639978874088,logistic_regression
000633.SZ:2024,000633.SZ,test,0,0.0025785506957565034,0.9626639978874088,logistic_regression
000633.SZ:2025,000633.SZ,test,0,0.033312474414005,0.9626639978874088,logistic_regression
000635.SZ:2018,000635.SZ,train,0,0.00019445414851049456,0.9626639978874088,logistic_regression
000635.SZ:2019,000635.SZ,train,0,0.0025774156859614305,0.9626639978874088,logistic_regression
000635.SZ:2021,000635.SZ,train,0,0.0010987976689334328,0.9626639978874088,logistic_regression
000635.SZ:2022,000635.SZ,validation,0,0.0010412550558666876,0.9626639978874088,logistic_regression
000635.SZ:2023,000635.SZ,validation,0,0.7319525424938287,0.9626639978874088,logistic_regression
000650.SZ:2017,000650.SZ,train,0,3.76812938680271e-05,0.9626639978874088,logistic_regression
000650.SZ:2019,000650.SZ,train,0,6.647946576135395e-06,0.9626639978874088,logistic_regression
000650.SZ:2020,000650.SZ,train,0,6.395901131617606e-07,0.9626639978874088,logistic_regression
000650.SZ:2021,000650.SZ,train,0,3.737669210686431e-07,0.9626639978874088,logistic_regression
000650.SZ:2022,000650.SZ,validation,0,8.194899298776932e-06,0.9626639978874088,logistic_regression
000650.SZ:2023,000650.SZ,validation,0,1.7292895537567086e-05,0.9626639978874088,logistic_regression
000650.SZ:2024,000650.SZ,test,0,4.3627480187597505e-06,0.9626639978874088,logistic_regression
000650.SZ:2025,000650.SZ,test,0,4.965881065833001e-07,0.9626639978874088,logistic_regression
000652.SZ:2017,000652.SZ,train,0,0.004277867687220893,0.9626639978874088,logistic_regression
000652.SZ:2018,000652.SZ,train,0,0.010249397508561426,0.9626639978874088,logistic_regression
000652.SZ:2019,000652.SZ,train,0,0.031636334221061234,0.9626639978874088,logistic_regression
000652.SZ:2020,000652.SZ,train,0,0.046250304583876245,0.9626639978874088,logistic_regression
000655.SZ:2017,000655.SZ,train,1,0.9985657234398978,0.9626639978874088,logistic_regression
000655.SZ:2019,000655.SZ,train,0,1.866980056120308e-05,0.9626639978874088,logistic_regression
000655.SZ:2020,000655.SZ,train,0,4.5986275501549925e-07,0.9626639978874088,logistic_regression
000655.SZ:2021,000655.SZ,train,0,6.414041805927918e-06,0.9626639978874088,logistic_regression
000655.SZ:2022,000655.SZ,validation,0,2.7608559147038257e-08,0.9626639978874088,logistic_regression
000655.SZ:2023,000655.SZ,validation,0,3.061950481509048e-08,0.9626639978874088,logistic_regression
000655.SZ:2024,000655.SZ,test,0,2.8992321940611432e-08,0.9626639978874088,logistic_regression
000655.SZ:2025,000655.SZ,test,0,1.2647609779743229e-05,0.9626639978874088,logistic_regression
000656.SZ:2020,000656.SZ,train,0,0.00035145835830285415,0.9626639978874088,logistic_regression
000656.SZ:2021,000656.SZ,train,0,0.0005336271927536072,0.9626639978874088,logistic_regression
000656.SZ:2022,000656.SZ,validation,0,0.0006080507044026021,0.9626639978874088,logistic_regression
000656.SZ:2023,000656.SZ,validation,1,0.0019743755984615776,0.9626639978874088,logistic_regression
000662.SZ:2018,000662.SZ,train,0,0.01061419955928619,0.9626639978874088,logistic_regression
000665.SZ:2024,000665.SZ,test,0,0.8216393406455214,0.9626639978874088,logistic_regression
000668.SZ:2017,000668.SZ,train,0,0.0011036869607602524,0.9626639978874088,logistic_regression
000668.SZ:2019,000668.SZ,train,0,0.0005779163885565101,0.9626639978874088,logistic_regression
000668.SZ:2021,000668.SZ,train,0,0.0012447252761522162,0.9626639978874088,logistic_regression
000668.SZ:2024,000668.SZ,test,1,0.019177601473777325,0.9626639978874088,logistic_regression
000670.SZ:2017,000670.SZ,train,0,0.00196687437889185,0.9626639978874088,logistic_regression
000670.SZ:2023,000670.SZ,validation,0,0.7470596207964342,0.9626639978874088,logistic_regression
000670.SZ:2024,000670.SZ,test,0,0.6728154724507096,0.9626639978874088,logistic_regression
000670.SZ:2025,000670.SZ,test,0,0.9912321365821505,0.9626639978874088,logistic_regression
000695.SZ:2017,000695.SZ,train,0,0.5691056984607146,0.9626639978874088,logistic_regression
000695.SZ:2018,000695.SZ,train,0,0.5945296642549533,0.9626639978874088,logistic_regression
000695.SZ:2019,000695.SZ,train,0,0.04599131203377777,0.9626639978874088,logistic_regression
000695.SZ:2020,000695.SZ,train,0,0.22558054983986536,0.9626639978874088,logistic_regression
000695.SZ:2021,000695.SZ,train,0,0.6780510756074106,0.9626639978874088,logistic_regression
000695.SZ:2023,000695.SZ,validation,0,0.9979413808330039,0.9626639978874088,logistic_regression
000695.SZ:2024,000695.SZ,test,0,0.49619942951080065,0.9626639978874088,logistic_regression
000695.SZ:2025,000695.SZ,test,0,0.2221931667845279,0.9626639978874088,logistic_regression
000709.SZ:2017,000709.SZ,train,0,0.04819438014559819,0.9626639978874088,logistic_regression
000709.SZ:2020,000709.SZ,train,0,0.11505314146572228,0.9626639978874088,logistic_regression
000709.SZ:2021,000709.SZ,train,0,0.11242190865885197,0.9626639978874088,logistic_regression
000709.SZ:2022,000709.SZ,validation,0,0.1486034391507366,0.9626639978874088,logistic_regression
000709.SZ:2023,000709.SZ,validation,0,0.11393632489045036,0.9626639978874088,logistic_regression
000709.SZ:2024,000709.SZ,test,0,0.13043836322686794,0.9626639978874088,logistic_regression
000709.SZ:2025,000709.SZ,test,0,0.12050434034265108,0.9626639978874088,logistic_regression
000715.SZ:2017,000715.SZ,train,0,0.016713432237402463,0.9626639978874088,logistic_regression
000715.SZ:2018,000715.SZ,train,0,0.018624967243126813,0.9626639978874088,logistic_regression
000715.SZ:2019,000715.SZ,train,0,0.012886511939134431,0.9626639978874088,logistic_regression
000715.SZ:2020,000715.SZ,train,0,0.005100750057303758,0.9626639978874088,logistic_regression
000715.SZ:2021,000715.SZ,train,0,0.027604988232825898,0.9626639978874088,logistic_regression
000715.SZ:2022,000715.SZ,validation,0,0.009261113469290386,0.9626639978874088,logistic_regression
000715.SZ:2023,000715.SZ,validation,0,0.011799284079147179,0.9626639978874088,logistic_regression
000715.SZ:2024,000715.SZ,test,0,0.005497432491371454,0.9626639978874088,logistic_regression
000715.SZ:2025,000715.SZ,test,0,0.02356262496669616,0.9626639978874088,logistic_regression
000718.SZ:2018,000718.SZ,train,0,0.0002800855011434455,0.9626639978874088,logistic_regression
000718.SZ:2019,000718.SZ,train,0,0.00014082565816988247,0.9626639978874088,logistic_regression
000718.SZ:2020,000718.SZ,train,0,3.248443238151282e-05,0.9626639978874088,logistic_regression
000718.SZ:2021,000718.SZ,train,0,3.851158991781801e-05,0.9626639978874088,logistic_regression
000718.SZ:2022,000718.SZ,validation,0,4.2260893740515886e-05,0.9626639978874088,logistic_regression
000718.SZ:2023,000718.SZ,validation,0,8.188112276382901e-05,0.9626639978874088,logistic_regression
000718.SZ:2024,000718.SZ,test,0,0.00023938969492197598,0.9626639978874088,logistic_regression
000718.SZ:2025,000718.SZ,test,0,8.04268345178057e-05,0.9626639978874088,logistic_regression
000727.SZ:2017,000727.SZ,train,0,0.007600934470280318,0.9626639978874088,logistic_regression
000727.SZ:2021,000727.SZ,train,0,0.7987307450658386,0.9626639978874088,logistic_regression
000739.SZ:2018,000739.SZ,train,0,0.11297230403590551,0.9626639978874088,logistic_regression
000739.SZ:2019,000739.SZ,train,0,0.06125094172322365,0.9626639978874088,logistic_regression
000739.SZ:2020,000739.SZ,train,0,0.03876481149720007,0.9626639978874088,logistic_regression
000739.SZ:2021,000739.SZ,train,0,0.007271352720354732,0.9626639978874088,logistic_regression
000739.SZ:2022,000739.SZ,validation,0,0.007598576884645466,0.9626639978874088,logistic_regression
000739.SZ:2023,000739.SZ,validation,0,0.030240787450414166,0.9626639978874088,logistic_regression
000739.SZ:2024,000739.SZ,test,0,0.016570896267990493,0.9626639978874088,logistic_regression
000739.SZ:2025,000739.SZ,test,0,0.01904992128049695,0.9626639978874088,logistic_regression
000786.SZ:2020,000786.SZ,train,0,0.14403914794739958,0.9626639978874088,logistic_regression
000786.SZ:2021,000786.SZ,train,0,0.0004404562215837214,0.9626639978874088,logistic_regression
000786.SZ:2022,000786.SZ,validation,0,0.00014825871821973514,0.9626639978874088,logistic_regression
000786.SZ:2023,000786.SZ,validation,0,0.00017335359919382065,0.9626639978874088,logistic_regression
000786.SZ:2024,000786.SZ,test,0,0.00010069008433325601,0.9626639978874088,logistic_regression
000786.SZ:2025,000786.SZ,test,0,0.0006923450002374541,0.9626639978874088,logistic_regression
000797.SZ:2017,000797.SZ,train,0,0.002712277749517373,0.9626639978874088,logistic_regression
000797.SZ:2018,000797.SZ,train,0,0.0003261709982003734,0.9626639978874088,logistic_regression
000797.SZ:2019,000797.SZ,train,0,0.00015580736115749816,0.9626639978874088,logistic_regression
000797.SZ:2020,000797.SZ,train,0,0.0003128809695382393,0.9626639978874088,logistic_regression
000797.SZ:2021,000797.SZ,train,0,0.0009071872428486966,0.9626639978874088,logistic_regression
000797.SZ:2022,000797.SZ,validation,0,0.0008165805054997651,0.9626639978874088,logistic_regression
000797.SZ:2023,000797.SZ,validation,0,0.0010918520835782827,0.9626639978874088,logistic_regression
000797.SZ:2024,000797.SZ,test,0,0.0008727414259563496,0.9626639978874088,logistic_regression
000797.SZ:2025,000797.SZ,test,0,0.0005638426773881339,0.9626639978874088,logistic_regression
000800.SZ:2017,000800.SZ,train,0,0.1958064316747517,0.9626639978874088,logistic_regression
000800.SZ:2019,000800.SZ,train,0,0.0673285195849212,0.9626639978874088,logistic_regression
000800.SZ:2020,000800.SZ,train,0,0.14289984682199042,0.9626639978874088,logistic_regression
000800.SZ:2021,000800.SZ,train,0,0.00152684853268255,0.9626639978874088,logistic_regression
000800.SZ:2022,000800.SZ,validation,0,0.10148095840777516,0.9626639978874088,logistic_regression
000800.SZ:2023,000800.SZ,validation,0,0.009611601411659697,0.9626639978874088,logistic_regression
000800.SZ:2024,000800.SZ,test,0,0.05599468864104606,0.9626639978874088,logistic_regression
000800.SZ:2025,000800.SZ,test,0,0.019637681493315115,0.9626639978874088,logistic_regression
000807.SZ:2017,000807.SZ,train,0,0.08547088518949561,0.9626639978874088,logistic_regression
000807.SZ:2019,000807.SZ,train,0,0.22751034365926165,0.9626639978874088,logistic_regression
000807.SZ:2020,000807.SZ,train,0,0.16914765814043367,0.9626639978874088,logistic_regression
000807.SZ:2021,000807.SZ,train,0,0.12337929141459869,0.9626639978874088,logistic_regression
000807.SZ:2022,000807.SZ,validation,0,0.0018940642114679586,0.9626639978874088,logistic_regression
000807.SZ:2023,000807.SZ,validation,0,0.0003182489946781964,0.9626639978874088,logistic_regression
000807.SZ:2024,000807.SZ,test,0,2.6647369084376564e-05,0.9626639978874088,logistic_regression
000821.SZ:2022,000821.SZ,validation,0,0.056810626511321446,0.9626639978874088,logistic_regression
000821.SZ:2023,000821.SZ,validation,0,0.012517663431290106,0.9626639978874088,logistic_regression
000821.SZ:2024,000821.SZ,test,0,0.024155649860093237,0.9626639978874088,logistic_regression
000821.SZ:2025,000821.SZ,test,1,0.015264415917443205,0.9626639978874088,logistic_regression
000822.SZ:2020,000822.SZ,train,0,0.001879646707821485,0.9626639978874088,logistic_regression
000823.SZ:2017,000823.SZ,train,0,0.03370204952409285,0.9626639978874088,logistic_regression
000823.SZ:2018,000823.SZ,train,0,0.06134909103936849,0.9626639978874088,logistic_regression
000823.SZ:2019,000823.SZ,train,0,0.047726681185622906,0.9626639978874088,logistic_regression
000823.SZ:2020,000823.SZ,train,0,0.035854137621491824,0.9626639978874088,logistic_regression
000823.SZ:2021,000823.SZ,train,0,0.03143452010837697,0.9626639978874088,logistic_regression
000823.SZ:2022,000823.SZ,validation,0,0.04080671527099134,0.9626639978874088,logistic_regression
000823.SZ:2023,000823.SZ,validation,0,0.018802476548733245,0.9626639978874088,logistic_regression
000823.SZ:2024,000823.SZ,test,0,0.028742334903284688,0.9626639978874088,logistic_regression
000823.SZ:2025,000823.SZ,test,0,0.03058903751001221,0.9626639978874088,logistic_regression
000830.SZ:2017,000830.SZ,train,0,0.12780328389231707,0.9626639978874088,logistic_regression
000830.SZ:2018,000830.SZ,train,0,0.1195254707590359,0.9626639978874088,logistic_regression
000830.SZ:2019,000830.SZ,train,0,0.06160839700474758,0.9626639978874088,logistic_regression
000830.SZ:2020,000830.SZ,train,0,0.07413787120213608,0.9626639978874088,logistic_regression
000830.SZ:2021,000830.SZ,train,0,0.11769164996155301,0.9626639978874088,logistic_regression
000830.SZ:2022,000830.SZ,validation,0,0.001578712063118031,0.9626639978874088,logistic_regression
000830.SZ:2023,000830.SZ,validation,0,0.017062492048582695,0.9626639978874088,logistic_regression
000830.SZ:2024,000830.SZ,test,0,0.13687361265551048,0.9626639978874088,logistic_regression
000830.SZ:2025,000830.SZ,test,0,0.024824350472452662,0.9626639978874088,logistic_regression
000835.SZ:2018,000835.SZ,train,0,0.00691263204283444,0.9626639978874088,logistic_regression
000835.SZ:2019,000835.SZ,train,0,0.9989514324596989,0.9626639978874088,logistic_regression
000850.SZ:2017,000850.SZ,train,0,0.06363512108876623,0.9626639978874088,logistic_regression
000850.SZ:2018,000850.SZ,train,0,0.05049274433697126,0.9626639978874088,logistic_regression
000850.SZ:2019,000850.SZ,train,0,0.03785032219190007,0.9626639978874088,logistic_regression
000850.SZ:2021,000850.SZ,train,0,0.010487191588268541,0.9626639978874088,logistic_regression
000850.SZ:2022,000850.SZ,validation,0,0.002100071566111109,0.9626639978874088,logistic_regression
000850.SZ:2023,000850.SZ,validation,0,0.10112599513593588,0.9626639978874088,logistic_regression
000850.SZ:2024,000850.SZ,test,0,0.025375823552533455,0.9626639978874088,logistic_regression
000850.SZ:2025,000850.SZ,test,0,0.006287664699452578,0.9626639978874088,logistic_regression
000861.SZ:2017,000861.SZ,train,0,0.0015152031731966486,0.9626639978874088,logistic_regression
000861.SZ:2019,000861.SZ,train,0,0.0026425252263552637,0.9626639978874088,logistic_regression
000861.SZ:2020,000861.SZ,train,0,0.0025711333264111587,0.9626639978874088,logistic_regression
000861.SZ:2021,000861.SZ,train,0,0.01825695257148096,0.9626639978874088,logistic_regression
000861.SZ:2022,000861.SZ,validation,0,0.23469265775979967,0.9626639978874088,logistic_regression
000861.SZ:2023,000861.SZ,validation,0,0.07407459297488073,0.9626639978874088,logistic_regression
000868.SZ:2021,000868.SZ,train,0,0.8274166326288261,0.9626639978874088,logistic_regression
000868.SZ:2022,000868.SZ,validation,0,0.16144276500531846,0.9626639978874088,logistic_regression
000868.SZ:2023,000868.SZ,validation,0,0.7073615297796926,0.9626639978874088,logistic_regression
000883.SZ:2017,000883.SZ,train,0,0.021058212795487207,0.9626639978874088,logistic_regression
000883.SZ:2018,000883.SZ,train,0,0.041676759229239954,0.9626639978874088,logistic_regression
000883.SZ:2019,000883.SZ,train,0,0.04478387621855787,0.9626639978874088,logistic_regression
000883.SZ:2020,000883.SZ,train,0,0.05927135622422375,0.9626639978874088,logistic_regression
000883.SZ:2021,000883.SZ,train,0,0.023036573508352233,0.9626639978874088,logistic_regression
000883.SZ:2022,000883.SZ,validation,0,0.04717718593116268,0.9626639978874088,logistic_regression
000883.SZ:2024,000883.SZ,test,0,0.1114632788809693,0.9626639978874088,logistic_regression
000890.SZ:2017,000890.SZ,train,0,0.0891185571306928,0.9626639978874088,logistic_regression
000890.SZ:2019,000890.SZ,train,1,0.8128024943330412,0.9626639978874088,logistic_regression
000890.SZ:2022,000890.SZ,validation,0,0.17868366495772203,0.9626639978874088,logistic_regression
000890.SZ:2023,000890.SZ,validation,0,0.7876881235643164,0.9626639978874088,logistic_regression
000890.SZ:2024,000890.SZ,test,0,0.44189799834528026,0.9626639978874088,logistic_regression
000890.SZ:2025,000890.SZ,test,0,0.8226120859413764,0.9626639978874088,logistic_regression
000897.SZ:2021,000897.SZ,train,0,0.0012103813391926568,0.9626639978874088,logistic_regression
000897.SZ:2023,000897.SZ,validation,0,0.0012871746557628968,0.9626639978874088,logistic_regression
000897.SZ:2024,000897.SZ,test,0,7.185072093688048e-06,0.9626639978874088,logistic_regression
000903.SZ:2017,000903.SZ,train,0,0.012999771803214885,0.9626639978874088,logistic_regression
000903.SZ:2018,000903.SZ,train,0,0.025697509692124285,0.9626639978874088,logistic_regression
000903.SZ:2019,000903.SZ,train,0,0.15306108011331823,0.9626639978874088,logistic_regression
000903.SZ:2020,000903.SZ,train,0,0.3660161891621971,0.9626639978874088,logistic_regression
000903.SZ:2021,000903.SZ,train,0,0.32113025393654815,0.9626639978874088,logistic_regression
000903.SZ:2022,000903.SZ,validation,0,0.07927008672982541,0.9626639978874088,logistic_regression
000903.SZ:2023,000903.SZ,validation,0,0.35518882774821353,0.9626639978874088,logistic_regression
000903.SZ:2024,000903.SZ,test,0,0.1873326431746337,0.9626639978874088,logistic_regression
000903.SZ:2025,000903.SZ,test,1,0.11846023624104482,0.9626639978874088,logistic_regression
000920.SZ:2017,000920.SZ,train,0,0.0195376588312465,0.9626639978874088,logistic_regression
000920.SZ:2018,000920.SZ,train,0,0.016150517351155493,0.9626639978874088,logistic_regression
000920.SZ:2019,000920.SZ,train,0,0.026041683772873532,0.9626639978874088,logistic_regression
000920.SZ:2020,000920.SZ,train,0,0.007840782309010448,0.9626639978874088,logistic_regression
000920.SZ:2021,000920.SZ,train,0,0.007640985570473804,0.9626639978874088,logistic_regression
000920.SZ:2022,000920.SZ,validation,0,0.005171331176735203,0.9626639978874088,logistic_regression
000920.SZ:2023,000920.SZ,validation,0,0.007967341392232208,0.9626639978874088,logistic_regression
000920.SZ:2024,000920.SZ,test,0,0.0010154938125385312,0.9626639978874088,logistic_regression
000920.SZ:2025,000920.SZ,test,0,0.0018784436896531781,0.9626639978874088,logistic_regression
000925.SZ:2017,000925.SZ,train,0,0.6635948120445367,0.9626639978874088,logistic_regression
000925.SZ:2018,000925.SZ,train,0,0.4670796569952293,0.9626639978874088,logistic_regression
000925.SZ:2019,000925.SZ,train,0,0.5822987376680928,0.9626639978874088,logistic_regression
000925.SZ:2020,000925.SZ,train,0,0.6428546017166997,0.9626639978874088,logistic_regression
000925.SZ:2021,000925.SZ,train,0,0.4013713200298327,0.9626639978874088,logistic_regression
000925.SZ:2022,000925.SZ,validation,0,0.3224681083076835,0.9626639978874088,logistic_regression
000925.SZ:2023,000925.SZ,validation,0,0.3647058372276844,0.9626639978874088,logistic_regression
000925.SZ:2024,000925.SZ,test,0,0.32209889288986593,0.9626639978874088,logistic_regression
000925.SZ:2025,000925.SZ,test,0,0.23673517599528873,0.9626639978874088,logistic_regression
000933.SZ:2018,000933.SZ,train,0,0.125451055552614,0.9626639978874088,logistic_regression
000933.SZ:2019,000933.SZ,train,0,0.12558119661807315,0.9626639978874088,logistic_regression
000933.SZ:2020,000933.SZ,train,0,0.1725700110108989,0.9626639978874088,logistic_regression
000933.SZ:2021,000933.SZ,train,0,0.21171412359746528,0.9626639978874088,logistic_regression
000933.SZ:2022,000933.SZ,validation,0,0.5195060039019554,0.9626639978874088,logistic_regression
000933.SZ:2023,000933.SZ,validation,0,0.05512848174298847,0.9626639978874088,logistic_regression
000933.SZ:2024,000933.SZ,test,0,0.026411407515174932,0.9626639978874088,logistic_regression
000933.SZ:2025,000933.SZ,test,0,0.014505331913797388,0.9626639978874088,logistic_regression
000937.SZ:2017,000937.SZ,train,0,0.22982756768745322,0.9626639978874088,logistic_regression
000937.SZ:2018,000937.SZ,train,0,0.17764515892675622,0.9626639978874088,logistic_regression
000937.SZ:2019,000937.SZ,train,0,0.10597426289340987,0.9626639978874088,logistic_regression
000937.SZ:2020,000937.SZ,train,0,0.06440535254525921,0.9626639978874088,logistic_regression
000937.SZ:2023,000937.SZ,validation,0,0.028813426163177853,0.9626639978874088,logistic_regression
000937.SZ:2024,000937.SZ,test,0,0.0108696638656151,0.9626639978874088,logistic_regression
000982.SZ:2022,000982.SZ,validation,0,3.095354040357306e-05,0.9626639978874088,logistic_regression
000982.SZ:2023,000982.SZ,validation,0,0.017112865347448367,0.9626639978874088,logistic_regression
000989.SZ:2017,000989.SZ,train,0,4.0112052197598817e-07,0.9626639978874088,logistic_regression
000989.SZ:2020,000989.SZ,train,0,0.0006103974451959583,0.9626639978874088,logistic_regression
000989.SZ:2021,000989.SZ,train,0,0.0014798320778476434,0.9626639978874088,logistic_regression
000989.SZ:2022,000989.SZ,validation,0,0.002250938259871074,0.9626639978874088,logistic_regression
000989.SZ:2023,000989.SZ,validation,1,0.0009294801929975833,0.9626639978874088,logistic_regression
000990.SZ:2020,000990.SZ,train,0,0.033933548402473084,0.9626639978874088,logistic_regression
000990.SZ:2021,000990.SZ,train,0,0.044777657821368284,0.9626639978874088,logistic_regression
000990.SZ:2022,000990.SZ,validation,0,0.004051709558400869,0.9626639978874088,logistic_regression
000990.SZ:2023,000990.SZ,validation,0,0.033461790532641256,0.9626639978874088,logistic_regression
000990.SZ:2024,000990.SZ,test,0,0.03963525436967673,0.9626639978874088,logistic_regression
000990.SZ:2025,000990.SZ,test,0,0.0343686545998227,0.9626639978874088,logistic_regression
001201.SZ:2024,001201.SZ,test,0,0.7541393215336134,0.9626639978874088,logistic_regression
001201.SZ:2025,001201.SZ,test,0,0.08422402083177269,0.9626639978874088,logistic_regression
001215.SZ:2025,001215.SZ,test,0,0.0021032931750200675,0.9626639978874088,logistic_regression
001216.SZ:2025,001216.SZ,test,0,1.069838236528426e-05,0.9626639978874088,logistic_regression
001296.SZ:2025,001296.SZ,test,0,0.00039771203893092477,0.9626639978874088,logistic_regression
002002.SZ:2022,002002.SZ,validation,0,0.06780394294010926,0.9626639978874088,logistic_regression
002014.SZ:2017,002014.SZ,train,0,0.0005894419729476628,0.9626639978874088,logistic_regression
002014.SZ:2018,002014.SZ,train,0,0.0011304172365538502,0.9626639978874088,logistic_regression
002014.SZ:2019,002014.SZ,train,0,0.0016090341067543387,0.9626639978874088,logistic_regression
002014.SZ:2020,002014.SZ,train,0,0.000982667611547711,0.9626639978874088,logistic_regression
002014.SZ:2021,002014.SZ,train,0,0.005628058434297606,0.9626639978874088,logistic_regression
002014.SZ:2022,002014.SZ,validation,0,0.0021686788008293354,0.9626639978874088,logistic_regression
002014.SZ:2023,002014.SZ,validation,0,0.006267319527206504,0.9626639978874088,logistic_regression
002014.SZ:2024,002014.SZ,test,0,0.005326316300625029,0.9626639978874088,logistic_regression
002016.SZ:2017,002016.SZ,train,0,0.03217564368917429,0.9626639978874088,logistic_regression
002016.SZ:2018,002016.SZ,train,0,1.812088180791326e-05,0.9626639978874088,logistic_regression
002016.SZ:2019,002016.SZ,train,0,1.894853449897156e-05,0.9626639978874088,logistic_regression
002016.SZ:2020,002016.SZ,train,0,0.002630881622481767,0.9626639978874088,logistic_regression
002016.SZ:2021,002016.SZ,train,0,7.224776538228087e-05,0.9626639978874088,logistic_regression
002016.SZ:2022,002016.SZ,validation,0,1.1229899407165473e-05,0.9626639978874088,logistic_regression
002016.SZ:2023,002016.SZ,validation,0,0.0003466111794698627,0.9626639978874088,logistic_regression
002016.SZ:2024,002016.SZ,test,0,0.0002572772885283521,0.9626639978874088,logistic_regression
002016.SZ:2025,002016.SZ,test,0,0.001165841429569203,0.9626639978874088,logistic_regression
002021.SZ:2017,002021.SZ,train,0,0.042105921757607565,0.9626639978874088,logistic_regression
002021.SZ:2018,002021.SZ,train,1,0.5354575047716905,0.9626639978874088,logistic_regression
002021.SZ:2025,002021.SZ,test,0,0.01913082061082493,0.9626639978874088,logistic_regression
002027.SZ:2019,002027.SZ,train,0,3.3589001397490745e-05,0.9626639978874088,logistic_regression
002027.SZ:2020,002027.SZ,train,0,0.001783326543518484,0.9626639978874088,logistic_regression
002027.SZ:2021,002027.SZ,train,0,3.64008852016817e-05,0.9626639978874088,logistic_regression
002027.SZ:2022,002027.SZ,validation,0,2.3410158751794026e-06,0.9626639978874088,logistic_regression
002027.SZ:2023,002027.SZ,validation,0,0.0034160330356617806,0.9626639978874088,logistic_regression
002027.SZ:2024,002027.SZ,test,0,4.98372449571757e-06,0.9626639978874088,logistic_regression
002027.SZ:2025,002027.SZ,test,0,3.0050764308331976e-06,0.9626639978874088,logistic_regression
002033.SZ:2019,002033.SZ,train,0,7.3417353030877325e-09,0.9626639978874088,logistic_regression
002033.SZ:2020,002033.SZ,train,0,4.245486017978465e-09,0.9626639978874088,logistic_regression
002033.SZ:2021,002033.SZ,train,0,4.5903688800311385e-06,0.9626639978874088,logistic_regression
002033.SZ:2022,002033.SZ,validation,0,0.01880604656738585,0.9626639978874088,logistic_regression
002033.SZ:2023,002033.SZ,validation,0,0.001728322601171569,0.9626639978874088,logistic_regression
002033.SZ:2024,002033.SZ,test,0,2.522972128865751e-06,0.9626639978874088,logistic_regression
002033.SZ:2025,002033.SZ,test,0,5.894909683931612e-05,0.9626639978874088,logistic_regression
002039.SZ:2017,002039.SZ,train,0,6.754045850578304e-05,0.9626639978874088,logistic_regression
002039.SZ:2019,002039.SZ,train,0,0.04012834099814892,0.9626639978874088,logistic_regression
002039.SZ:2020,002039.SZ,train,0,0.034993649096549895,0.9626639978874088,logistic_regression
002039.SZ:2021,002039.SZ,train,0,0.03813638303831966,0.9626639978874088,logistic_regression
002039.SZ:2022,002039.SZ,validation,0,0.038746416500047905,0.9626639978874088,logistic_regression
002039.SZ:2023,002039.SZ,validation,0,0.005402612699961426,0.9626639978874088,logistic_regression
002039.SZ:2024,002039.SZ,test,0,0.02279087018242415,0.9626639978874088,logistic_regression
002040.SZ:2017,002040.SZ,train,0,0.02261282848590663,0.9626639978874088,logistic_regression
002040.SZ:2018,002040.SZ,train,0,0.018463277037201766,0.9626639978874088,logistic_regression
002040.SZ:2019,002040.SZ,train,0,0.029409133527940952,0.9626639978874088,logistic_regression
002040.SZ:2020,002040.SZ,train,0,0.0035587189980371354,0.9626639978874088,logistic_regression
002040.SZ:2021,002040.SZ,train,0,0.0021429985383994567,0.9626639978874088,logistic_regression
002040.SZ:2023,002040.SZ,validation,0,0.014451028962965505,0.9626639978874088,logistic_regression
002040.SZ:2024,002040.SZ,test,0,0.013030626959061946,0.9626639978874088,logistic_regression
002041.SZ:2017,002041.SZ,train,0,6.253732294573785e-06,0.9626639978874088,logistic_regression
002041.SZ:2018,002041.SZ,train,0,0.00015542150048617755,0.9626639978874088,logistic_regression
002041.SZ:2019,002041.SZ,train,0,0.000268678669794773,0.9626639978874088,logistic_regression
002041.SZ:2020,002041.SZ,train,0,0.00021036759265885248,0.9626639978874088,logistic_regression
002041.SZ:2021,002041.SZ,train,0,0.0001912073026773667,0.9626639978874088,logistic_regression
002041.SZ:2022,002041.SZ,validation,0,0.00011598768263201266,0.9626639978874088,logistic_regression
002041.SZ:2024,002041.SZ,test,0,3.245466717051262e-05,0.9626639978874088,logistic_regression
002041.SZ:2025,002041.SZ,test,0,0.00023266057547384136,0.9626639978874088,logistic_regression
002046.SZ:2018,002046.SZ,train,0,0.1465058157220765,0.9626639978874088,logistic_regression
002046.SZ:2019,002046.SZ,train,0,0.0510529018964084,0.9626639978874088,logistic_regression
002046.SZ:2020,002046.SZ,train,0,0.05413843047803256,0.9626639978874088,logistic_regression
002046.SZ:2021,002046.SZ,train,0,0.03325488801001789,0.9626639978874088,logistic_regression
002046.SZ:2022,002046.SZ,validation,0,0.021812311763127232,0.9626639978874088,logistic_regression
002046.SZ:2023,002046.SZ,validation,0,0.028661130155101213,0.9626639978874088,logistic_regression
002046.SZ:2024,002046.SZ,test,0,0.007829770911337514,0.9626639978874088,logistic_regression
002046.SZ:2025,002046.SZ,test,0,0.031166810040757265,0.9626639978874088,logistic_regression
002050.SZ:2017,002050.SZ,train,0,0.0032285541450399065,0.9626639978874088,logistic_regression
002050.SZ:2018,002050.SZ,train,0,0.0015844751010064039,0.9626639978874088,logistic_regression
002050.SZ:2019,002050.SZ,train,0,0.0037722025398040466,0.9626639978874088,logistic_regression
002050.SZ:2020,002050.SZ,train,0,0.002895240148743225,0.9626639978874088,logistic_regression
002050.SZ:2021,002050.SZ,train,0,0.0031138126022815502,0.9626639978874088,logistic_regression
002050.SZ:2022,002050.SZ,validation,0,0.011230274469944955,0.9626639978874088,logistic_regression
002050.SZ:2023,002050.SZ,validation,0,0.010902709641096358,0.9626639978874088,logistic_regression
002050.SZ:2024,002050.SZ,test,0,0.016245785200490765,0.9626639978874088,logistic_regression
002050.SZ:2025,002050.SZ,test,0,0.026565677824875508,0.9626639978874088,logistic_regression
002053.SZ:2018,002053.SZ,train,0,0.011329743117363936,0.9626639978874088,logistic_regression
002053.SZ:2019,002053.SZ,train,0,0.029690804154787497,0.9626639978874088,logistic_regression
002053.SZ:2020,002053.SZ,train,0,0.008953460754404625,0.9626639978874088,logistic_regression
002053.SZ:2021,002053.SZ,train,0,0.044980720428455086,0.9626639978874088,logistic_regression
002053.SZ:2022,002053.SZ,validation,0,0.03788870364720897,0.9626639978874088,logistic_regression
002053.SZ:2023,002053.SZ,validation,0,0.05134717917246081,0.9626639978874088,logistic_regression
002053.SZ:2024,002053.SZ,test,0,0.04375969663074666,0.9626639978874088,logistic_regression
002056.SZ:2020,002056.SZ,train,0,0.015713115781754414,0.9626639978874088,logistic_regression
002056.SZ:2021,002056.SZ,train,0,0.015693590932714316,0.9626639978874088,logistic_regression
002056.SZ:2022,002056.SZ,validation,0,0.022250014071952883,0.9626639978874088,logistic_regression
002056.SZ:2023,002056.SZ,validation,0,0.058105113318201465,0.9626639978874088,logistic_regression
002056.SZ:2024,002056.SZ,test,0,0.1190007283581727,0.9626639978874088,logistic_regression
002056.SZ:2025,002056.SZ,test,0,0.06664064219816403,0.9626639978874088,logistic_regression
002064.SZ:2017,002064.SZ,train,0,0.6083458850110062,0.9626639978874088,logistic_regression
002064.SZ:2018,002064.SZ,train,0,0.007925373123831871,0.9626639978874088,logistic_regression
002064.SZ:2019,002064.SZ,train,0,0.0025408616472160535,0.9626639978874088,logistic_regression
002064.SZ:2020,002064.SZ,train,0,0.0341512872719326,0.9626639978874088,logistic_regression
002064.SZ:2022,002064.SZ,validation,0,3.814196319085118e-05,0.9626639978874088,logistic_regression
002064.SZ:2023,002064.SZ,validation,0,0.0005444797810448176,0.9626639978874088,logistic_regression
002064.SZ:2024,002064.SZ,test,0,0.0018985922842359294,0.9626639978874088,logistic_regression
002064.SZ:2025,002064.SZ,test,0,0.001623179688856634,0.9626639978874088,logistic_regression
002069.SZ:2017,002069.SZ,train,0,0.015067340222587619,0.9626639978874088,logistic_regression
002069.SZ:2018,002069.SZ,train,0,0.7200114214359656,0.9626639978874088,logistic_regression
002069.SZ:2019,002069.SZ,train,0,0.138922867787102,0.9626639978874088,logistic_regression
002069.SZ:2020,002069.SZ,train,0,0.5731486009445289,0.9626639978874088,logistic_regression
002069.SZ:2021,002069.SZ,train,0,0.7040830123379084,0.9626639978874088,logistic_regression
002069.SZ:2022,002069.SZ,validation,1,0.3251966414838673,0.9626639978874088,logistic_regression
002069.SZ:2024,002069.SZ,test,0,0.19761969238730956,0.9626639978874088,logistic_regression
002071.SZ:2017,002071.SZ,train,0,0.4375105413148982,0.9626639978874088,logistic_regression
002092.SZ:2020,002092.SZ,train,0,0.408741620466253,0.9626639978874088,logistic_regression
002092.SZ:2021,002092.SZ,train,0,0.4217410775634925,0.9626639978874088,logistic_regression
002092.SZ:2022,002092.SZ,validation,0,0.07398995271425603,0.9626639978874088,logistic_regression
002092.SZ:2023,002092.SZ,validation,0,0.13675158136244725,0.9626639978874088,logistic_regression
002092.SZ:2024,002092.SZ,test,1,0.4694238253206146,0.9626639978874088,logistic_regression
002102.SZ:2025,002102.SZ,test,1,0.09137278012658975,0.9626639978874088,logistic_regression
002106.SZ:2017,002106.SZ,train,0,0.004523546291623806,0.9626639978874088,logistic_regression
002110.SZ:2019,002110.SZ,train,0,8.53714298132917e-05,0.9626639978874088,logistic_regression
002110.SZ:2020,002110.SZ,train,0,0.00042901072853965906,0.9626639978874088,logistic_regression
002110.SZ:2021,002110.SZ,train,0,0.0285674796457404,0.9626639978874088,logistic_regression
002110.SZ:2022,002110.SZ,validation,0,0.004048677919896696,0.9626639978874088,logistic_regression
002110.SZ:2023,002110.SZ,validation,0,0.040433996600693224,0.9626639978874088,logistic_regression
002110.SZ:2024,002110.SZ,test,0,0.13823780199570482,0.9626639978874088,logistic_regression
002110.SZ:2025,002110.SZ,test,0,0.2579710673935692,0.9626639978874088,logistic_regression
002112.SZ:2017,002112.SZ,train,0,0.5303909596379347,0.9626639978874088,logistic_regression
002112.SZ:2018,002112.SZ,train,0,0.9727549780956642,0.9626639978874088,logistic_regression
002112.SZ:2021,002112.SZ,train,0,0.17955653069645616,0.9626639978874088,logistic_regression
002112.SZ:2022,002112.SZ,validation,0,0.430982779864586,0.9626639978874088,logistic_regression
002112.SZ:2023,002112.SZ,validation,0,0.20603883882927784,0.9626639978874088,logistic_regression
002112.SZ:2024,002112.SZ,test,0,0.05726122488964053,0.9626639978874088,logistic_regression
002112.SZ:2025,002112.SZ,test,0,0.2523261574937059,0.9626639978874088,logistic_regression
002117.SZ:2019,002117.SZ,train,0,0.003200362517641299,0.9626639978874088,logistic_regression
002117.SZ:2020,002117.SZ,train,0,0.002724469596302452,0.9626639978874088,logistic_regression
002117.SZ:2021,002117.SZ,train,0,0.008775081504357867,0.9626639978874088,logistic_regression
002117.SZ:2022,002117.SZ,validation,0,0.0024613302096081376,0.9626639978874088,logistic_regression
002117.SZ:2023,002117.SZ,validation,0,0.00843517077730425,0.9626639978874088,logistic_regression
002117.SZ:2024,002117.SZ,test,0,0.0039685497914478994,0.9626639978874088,logistic_regression
002120.SZ:2017,002120.SZ,train,0,0.006873754848835532,0.9626639978874088,logistic_regression
002120.SZ:2018,002120.SZ,train,0,0.005696371019819234,0.9626639978874088,logistic_regression
002120.SZ:2019,002120.SZ,train,0,0.003399465092607363,0.9626639978874088,logistic_regression
002120.SZ:2020,002120.SZ,train,0,0.015164269827468928,0.9626639978874088,logistic_regression
002120.SZ:2021,002120.SZ,train,0,0.0256598805729685,0.9626639978874088,logistic_regression
002120.SZ:2022,002120.SZ,validation,0,0.07062371599247765,0.9626639978874088,logistic_regression
002120.SZ:2023,002120.SZ,validation,0,0.10079906354481762,0.9626639978874088,logistic_regression
002120.SZ:2024,002120.SZ,test,0,0.02715242203189048,0.9626639978874088,logistic_regression
002120.SZ:2025,002120.SZ,test,0,0.03227712113968299,0.9626639978874088,logistic_regression
002121.SZ:2017,002121.SZ,train,0,0.3153964869529765,0.9626639978874088,logistic_regression
002121.SZ:2018,002121.SZ,train,0,0.3026298084272177,0.9626639978874088,logistic_regression
002121.SZ:2022,002121.SZ,validation,0,0.6704980873974404,0.9626639978874088,logistic_regression
002121.SZ:2023,002121.SZ,validation,0,0.458405395355034,0.9626639978874088,logistic_regression
002121.SZ:2024,002121.SZ,test,0,0.717777832262056,0.9626639978874088,logistic_regression
002121.SZ:2025,002121.SZ,test,0,0.33580148185924374,0.9626639978874088,logistic_regression
002125.SZ:2017,002125.SZ,train,0,0.09903219806266668,0.9626639978874088,logistic_regression
002125.SZ:2018,002125.SZ,train,0,0.07328870268794181,0.9626639978874088,logistic_regression
002125.SZ:2019,002125.SZ,train,0,0.11998157627835614,0.9626639978874088,logistic_regression
002125.SZ:2020,002125.SZ,train,0,0.08880542059965414,0.9626639978874088,logistic_regression
002125.SZ:2021,002125.SZ,train,0,0.06263697808131614,0.9626639978874088,logistic_regression
002125.SZ:2022,002125.SZ,validation,0,0.038386695835714385,0.9626639978874088,logistic_regression
002125.SZ:2023,002125.SZ,validation,0,0.007688765424408131,0.9626639978874088,logistic_regression
002125.SZ:2024,002125.SZ,test,0,0.008577899598532885,0.9626639978874088,logistic_regression
002125.SZ:2025,002125.SZ,test,0,0.007387772248638851,0.9626639978874088,logistic_regression
002140.SZ:2017,002140.SZ,train,0,0.02896423769572358,0.9626639978874088,logistic_regression
002140.SZ:2018,002140.SZ,train,0,0.18052810132117095,0.9626639978874088,logistic_regression
002140.SZ:2019,002140.SZ,train,0,0.006025232374081142,0.9626639978874088,logistic_regression
002140.SZ:2020,002140.SZ,train,0,0.04217690282928455,0.9626639978874088,logistic_regression
002140.SZ:2021,002140.SZ,train,0,0.11581269768854893,0.9626639978874088,logistic_regression
002140.SZ:2022,002140.SZ,validation,0,0.19728941643440845,0.9626639978874088,logistic_regression
002140.SZ:2023,002140.SZ,validation,0,0.11303016121798042,0.9626639978874088,logistic_regression
002140.SZ:2024,002140.SZ,test,0,0.15747632866164163,0.9626639978874088,logistic_regression
002140.SZ:2025,002140.SZ,test,0,0.12614010882086685,0.9626639978874088,logistic_regression
002141.SZ:2017,002141.SZ,train,0,0.00040782008812297065,0.9626639978874088,logistic_regression
002141.SZ:2018,002141.SZ,train,0,0.017948884318219182,0.9626639978874088,logistic_regression
002141.SZ:2019,002141.SZ,train,0,0.1040976798928409,0.9626639978874088,logistic_regression
002141.SZ:2020,002141.SZ,train,0,0.06904785933988049,0.9626639978874088,logistic_regression
002141.SZ:2021,002141.SZ,train,0,0.9926245949266366,0.9626639978874088,logistic_regression
002141.SZ:2022,002141.SZ,validation,0,0.04354266451957732,0.9626639978874088,logistic_regression
002141.SZ:2023,002141.SZ,validation,1,8.444642106231446e-08,0.9626639978874088,logistic_regression
002145.SZ:2017,002145.SZ,train,0,0.12831774423114867,0.9626639978874088,logistic_regression
002145.SZ:2018,002145.SZ,train,0,0.027795484594946355,0.9626639978874088,logistic_regression
002145.SZ:2019,002145.SZ,train,0,0.02040555942146929,0.9626639978874088,logistic_regression
002145.SZ:2020,002145.SZ,train,0,0.015999121593795244,0.9626639978874088,logistic_regression
002154.SZ:2018,002154.SZ,train,0,0.12757626924989784,0.9626639978874088,logistic_regression
002154.SZ:2020,002154.SZ,train,0,0.008286896643843852,0.9626639978874088,logistic_regression
002154.SZ:2021,002154.SZ,train,0,0.00239346558031407,0.9626639978874088,logistic_regression
002154.SZ:2022,002154.SZ,validation,0,0.0018144258257400544,0.9626639978874088,logistic_regression
002154.SZ:2023,002154.SZ,validation,0,0.002124230038240726,0.9626639978874088,logistic_regression
002154.SZ:2024,002154.SZ,test,0,0.003102541501099382,0.9626639978874088,logistic_regression
002154.SZ:2025,002154.SZ,test,0,0.0031774155338251757,0.9626639978874088,logistic_regression
002160.SZ:2022,002160.SZ,validation,0,0.0646928191200947,0.9626639978874088,logistic_regression
002160.SZ:2023,002160.SZ,validation,0,0.1770581885156761,0.9626639978874088,logistic_regression
002160.SZ:2024,002160.SZ,test,0,0.03208758342384584,0.9626639978874088,logistic_regression
002160.SZ:2025,002160.SZ,test,0,0.07830698713647304,0.9626639978874088,logistic_regression
002169.SZ:2020,002169.SZ,train,0,0.226448239289994,0.9626639978874088,logistic_regression
002169.SZ:2021,002169.SZ,train,0,0.08596718260184563,0.9626639978874088,logistic_regression
002169.SZ:2022,002169.SZ,validation,0,0.07445094787364392,0.9626639978874088,logistic_regression
002169.SZ:2023,002169.SZ,validation,0,0.2746151507054172,0.9626639978874088,logistic_regression
002169.SZ:2024,002169.SZ,test,0,0.46998020008941405,0.9626639978874088,logistic_regression
002181.SZ:2017,002181.SZ,train,0,0.0001941855861583378,0.9626639978874088,logistic_regression
002181.SZ:2018,002181.SZ,train,0,0.0007772951677132266,0.9626639978874088,logistic_regression
002181.SZ:2019,002181.SZ,train,0,0.0007738600268076431,0.9626639978874088,logistic_regression
002181.SZ:2020,002181.SZ,train,0,9.285433736019439e-05,0.9626639978874088,logistic_regression
002181.SZ:2021,002181.SZ,train,0,0.00017717080279761854,0.9626639978874088,logistic_regression
002181.SZ:2022,002181.SZ,validation,0,0.0028060282021515172,0.9626639978874088,logistic_regression
002181.SZ:2023,002181.SZ,validation,0,0.01365557137395604,0.9626639978874088,logistic_regression
002181.SZ:2024,002181.SZ,test,0,0.03796561379758335,0.9626639978874088,logistic_regression
002181.SZ:2025,002181.SZ,test,0,0.04085983662549784,0.9626639978874088,logistic_regression
002185.SZ:2017,002185.SZ,train,0,0.006947431925370377,0.9626639978874088,logistic_regression
002185.SZ:2018,002185.SZ,train,0,0.010349952026584895,0.9626639978874088,logistic_regression
002185.SZ:2020,002185.SZ,train,0,0.05545259639335022,0.9626639978874088,logistic_regression
002185.SZ:2021,002185.SZ,train,0,0.022378828427154218,0.9626639978874088,logistic_regression
002185.SZ:2022,002185.SZ,validation,0,0.010492037143428458,0.9626639978874088,logistic_regression
002185.SZ:2023,002185.SZ,validation,0,0.02276546723615238,0.9626639978874088,logistic_regression
002185.SZ:2024,002185.SZ,test,0,0.07579020784540334,0.9626639978874088,logistic_regression
002198.SZ:2018,002198.SZ,train,0,0.9901070492474503,0.9626639978874088,logistic_regression
002198.SZ:2019,002198.SZ,train,0,2.2426501083706827e-05,0.9626639978874088,logistic_regression
002198.SZ:2020,002198.SZ,train,0,0.9341681801782323,0.9626639978874088,logistic_regression
002198.SZ:2021,002198.SZ,train,0,7.890569141953651e-05,0.9626639978874088,logistic_regression
002198.SZ:2022,002198.SZ,validation,0,0.0003433910342385465,0.9626639978874088,logistic_regression
002198.SZ:2023,002198.SZ,validation,0,7.540826680283531e-05,0.9626639978874088,logistic_regression
002198.SZ:2024,002198.SZ,test,0,1.6455304299395047e-08,0.9626639978874088,logistic_regression
002198.SZ:2025,002198.SZ,test,0,1.5667664021765892e-07,0.9626639978874088,logistic_regression
002212.SZ:2017,002212.SZ,train,0,0.10727376982171384,0.9626639978874088,logistic_regression
002212.SZ:2018,002212.SZ,train,0,0.0014308259461822896,0.9626639978874088,logistic_regression
002212.SZ:2019,002212.SZ,train,0,0.004826701740410972,0.9626639978874088,logistic_regression
002212.SZ:2020,002212.SZ,train,0,0.010710559907117154,0.9626639978874088,logistic_regression
002212.SZ:2021,002212.SZ,train,0,0.005409680298617104,0.9626639978874088,logistic_regression
002212.SZ:2022,002212.SZ,validation,0,0.05451617887052581,0.9626639978874088,logistic_regression
002212.SZ:2023,002212.SZ,validation,0,0.14079876512403053,0.9626639978874088,logistic_regression
002212.SZ:2025,002212.SZ,test,0,0.07351035224871924,0.9626639978874088,logistic_regression
002223.SZ:2018,002223.SZ,train,0,4.867411428535196e-05,0.9626639978874088,logistic_regression
002223.SZ:2019,002223.SZ,train,0,6.491528778929974e-05,0.9626639978874088,logistic_regression
002223.SZ:2020,002223.SZ,train,0,0.0005218193422860369,0.9626639978874088,logistic_regression
002223.SZ:2021,002223.SZ,train,0,1.8849493219448578e-05,0.9626639978874088,logistic_regression
002223.SZ:2022,002223.SZ,validation,0,1.283832478964053e-05,0.9626639978874088,logistic_regression
002223.SZ:2023,002223.SZ,validation,0,0.0001262494847847768,0.9626639978874088,logistic_regression
002223.SZ:2024,002223.SZ,test,0,1.0594915139440714e-05,0.9626639978874088,logistic_regression
002224.SZ:2017,002224.SZ,train,0,5.683223535506035e-09,0.9626639978874088,logistic_regression
002224.SZ:2019,002224.SZ,train,0,2.29209317241065e-06,0.9626639978874088,logistic_regression
002224.SZ:2021,002224.SZ,train,0,1.4723923319034186e-06,0.9626639978874088,logistic_regression
002224.SZ:2023,002224.SZ,validation,0,5.609324272377435e-06,0.9626639978874088,logistic_regression
002224.SZ:2024,002224.SZ,test,0,0.0038864615262856252,0.9626639978874088,logistic_regression
002224.SZ:2025,002224.SZ,test,0,0.0026921806525268305,0.9626639978874088,logistic_regression
002227.SZ:2021,002227.SZ,train,0,0.04091560257845489,0.9626639978874088,logistic_regression
002227.SZ:2022,002227.SZ,validation,0,0.07252290821646185,0.9626639978874088,logistic_regression
002227.SZ:2023,002227.SZ,validation,0,0.0805807339367986,0.9626639978874088,logistic_regression
002227.SZ:2024,002227.SZ,test,0,0.10456252808145518,0.9626639978874088,logistic_regression
002227.SZ:2025,002227.SZ,test,1,0.27282198859907963,0.9626639978874088,logistic_regression
002246.SZ:2017,002246.SZ,train,0,0.0028629541512635312,0.9626639978874088,logistic_regression
002246.SZ:2018,002246.SZ,train,0,0.013906634498706293,0.9626639978874088,logistic_regression
002246.SZ:2019,002246.SZ,train,0,0.018007765929216907,0.9626639978874088,logistic_regression
002246.SZ:2020,002246.SZ,train,0,0.008902478745661533,0.9626639978874088,logistic_regression
002246.SZ:2021,002246.SZ,train,0,0.016358045686179087,0.9626639978874088,logistic_regression
002246.SZ:2022,002246.SZ,validation,0,0.017137519784377844,0.9626639978874088,logistic_regression
002246.SZ:2023,002246.SZ,validation,0,0.03146756200937888,0.9626639978874088,logistic_regression
002246.SZ:2024,002246.SZ,test,0,0.037821198938726874,0.9626639978874088,logistic_regression
002246.SZ:2025,002246.SZ,test,0,0.13383891593327457,0.9626639978874088,logistic_regression
002249.SZ:2017,002249.SZ,train,0,0.04304639760671953,0.9626639978874088,logistic_regression
002249.SZ:2020,002249.SZ,train,0,0.10436941978968306,0.9626639978874088,logistic_regression
002249.SZ:2021,002249.SZ,train,0,0.05251323539665081,0.9626639978874088,logistic_regression
002249.SZ:2022,002249.SZ,validation,0,0.05498958546246226,0.9626639978874088,logistic_regression
002249.SZ:2023,002249.SZ,validation,0,0.0678022824229478,0.9626639978874088,logistic_regression
002249.SZ:2024,002249.SZ,test,0,0.1015100593796132,0.9626639978874088,logistic_regression
002254.SZ:2017,002254.SZ,train,0,0.00019304535632612137,0.9626639978874088,logistic_regression
002254.SZ:2018,002254.SZ,train,0,7.943986346982615e-05,0.9626639978874088,logistic_regression
002254.SZ:2019,002254.SZ,train,0,0.004742542805469614,0.9626639978874088,logistic_regression
002254.SZ:2020,002254.SZ,train,0,0.0005276425406852015,0.9626639978874088,logistic_regression
002254.SZ:2021,002254.SZ,train,0,0.002270523921976324,0.9626639978874088,logistic_regression
002254.SZ:2022,002254.SZ,validation,0,0.00012830105408311273,0.9626639978874088,logistic_regression
002254.SZ:2023,002254.SZ,validation,0,0.019572277494685132,0.9626639978874088,logistic_regression
002254.SZ:2024,002254.SZ,test,0,0.016362870156197064,0.9626639978874088,logistic_regression
002254.SZ:2025,002254.SZ,test,0,0.0378619297494962,0.9626639978874088,logistic_regression
002255.SZ:2017,002255.SZ,train,0,0.050015646770882584,0.9626639978874088,logistic_regression
002255.SZ:2018,002255.SZ,train,0,0.29631999414797605,0.9626639978874088,logistic_regression
002255.SZ:2022,002255.SZ,validation,0,0.004284462097716399,0.9626639978874088,logistic_regression
002255.SZ:2023,002255.SZ,validation,0,0.011434290936912502,0.9626639978874088,logistic_regression
002255.SZ:2024,002255.SZ,test,0,0.00876506333577227,0.9626639978874088,logistic_regression
002255.SZ:2025,002255.SZ,test,0,0.009040573665771958,0.9626639978874088,logistic_regression
002256.SZ:2017,002256.SZ,train,0,0.02629470050168934,0.9626639978874088,logistic_regression
002256.SZ:2018,002256.SZ,train,0,0.061771253990471044,0.9626639978874088,logistic_regression
002256.SZ:2019,002256.SZ,train,1,0.9116311862716454,0.9626639978874088,logistic_regression
002256.SZ:2022,002256.SZ,validation,0,0.9998516144098526,0.9626639978874088,logistic_regression
002256.SZ:2023,002256.SZ,validation,0,0.20486681947468185,0.9626639978874088,logistic_regression
002256.SZ:2024,002256.SZ,test,0,0.6318366415974271,0.9626639978874088,logistic_regression
002256.SZ:2025,002256.SZ,test,0,0.8597908582144062,0.9626639978874088,logistic_regression
002260.SZ:2017,002260.SZ,train,0,0.20691327030294246,0.9626639978874088,logistic_regression
002260.SZ:2018,002260.SZ,train,1,0.9999759654877982,0.9626639978874088,logistic_regression
002265.SZ:2017,002265.SZ,train,0,0.03570948859570743,0.9626639978874088,logistic_regression
002265.SZ:2018,002265.SZ,train,0,0.03227854681414291,0.9626639978874088,logistic_regression
002265.SZ:2019,002265.SZ,train,0,0.36491546801836167,0.9626639978874088,logistic_regression
002265.SZ:2020,002265.SZ,train,0,0.15917255967634647,0.9626639978874088,logistic_regression
002265.SZ:2021,002265.SZ,train,0,0.5050453821910772,0.9626639978874088,logistic_regression
002265.SZ:2022,002265.SZ,validation,0,0.11502217563713642,0.9626639978874088,logistic_regression
002265.SZ:2023,002265.SZ,validation,0,0.02172098087011859,0.9626639978874088,logistic_regression
002265.SZ:2024,002265.SZ,test,0,0.08699658065313998,0.9626639978874088,logistic_regression
002265.SZ:2025,002265.SZ,test,0,0.10619862902141275,0.9626639978874088,logistic_regression
002267.SZ:2017,002267.SZ,train,0,0.05787042457137542,0.9626639978874088,logistic_regression
002267.SZ:2018,002267.SZ,train,0,0.1216290168703338,0.9626639978874088,logistic_regression
002267.SZ:2019,002267.SZ,train,0,0.10042513718114048,0.9626639978874088,logistic_regression
002267.SZ:2020,002267.SZ,train,0,0.14709728989597992,0.9626639978874088,logistic_regression
002267.SZ:2021,002267.SZ,train,0,0.14166803192926067,0.9626639978874088,logistic_regression
002267.SZ:2022,002267.SZ,validation,0,0.07310610114974024,0.9626639978874088,logistic_regression
002267.SZ:2023,002267.SZ,validation,0,0.07463020297251326,0.9626639978874088,logistic_regression
002267.SZ:2024,002267.SZ,test,0,0.057922808439988364,0.9626639978874088,logistic_regression
002267.SZ:2025,002267.SZ,test,0,0.06443424269457466,0.9626639978874088,logistic_regression
002271.SZ:2017,002271.SZ,train,0,0.06765138146030061,0.9626639978874088,logistic_regression
002271.SZ:2018,002271.SZ,train,0,0.04720104140969314,0.9626639978874088,logistic_regression
002271.SZ:2019,002271.SZ,train,0,0.09108812172824399,0.9626639978874088,logistic_regression
002271.SZ:2020,002271.SZ,train,0,0.08413477280709857,0.9626639978874088,logistic_regression
002271.SZ:2021,002271.SZ,train,0,0.05113870344417806,0.9626639978874088,logistic_regression
002271.SZ:2022,002271.SZ,validation,0,0.049553779501016366,0.9626639978874088,logistic_regression
002271.SZ:2023,002271.SZ,validation,0,0.16460159764801577,0.9626639978874088,logistic_regression
002271.SZ:2024,002271.SZ,test,0,0.09972813800633465,0.9626639978874088,logistic_regression
002271.SZ:2025,002271.SZ,test,0,0.41451126905193014,0.9626639978874088,logistic_regression
002272.SZ:2017,002272.SZ,train,0,0.16420334253374108,0.9626639978874088,logistic_regression
002272.SZ:2019,002272.SZ,train,0,0.06545146002223587,0.9626639978874088,logistic_regression
002272.SZ:2020,002272.SZ,train,0,0.01979183581716017,0.9626639978874088,logistic_regression
002272.SZ:2021,002272.SZ,train,0,0.026488833210960974,0.9626639978874088,logistic_regression
002272.SZ:2022,002272.SZ,validation,0,0.12806706237172757,0.9626639978874088,logistic_regression
002272.SZ:2023,002272.SZ,validation,0,0.3908693891867653,0.9626639978874088,logistic_regression
002272.SZ:2024,002272.SZ,test,0,0.7572215308593928,0.9626639978874088,logistic_regression
002272.SZ:2025,002272.SZ,test,0,0.758397290878771,0.9626639978874088,logistic_regression
002275.SZ:2017,002275.SZ,train,0,1.6099123337250573e-07,0.9626639978874088,logistic_regression
002275.SZ:2019,002275.SZ,train,0,2.7919494396782474e-06,0.9626639978874088,logistic_regression
002275.SZ:2020,002275.SZ,train,0,1.06936082965174e-06,0.9626639978874088,logistic_regression
002275.SZ:2021,002275.SZ,train,0,3.321455384437105e-05,0.9626639978874088,logistic_regression
002275.SZ:2022,002275.SZ,validation,0,0.00032886467243306225,0.9626639978874088,logistic_regression
002275.SZ:2023,002275.SZ,validation,0,0.0006579344973375325,0.9626639978874088,logistic_regression
002275.SZ:2024,002275.SZ,test,0,0.00032088229366531134,0.9626639978874088,logistic_regression
002275.SZ:2025,002275.SZ,test,0,0.0002045416818241053,0.9626639978874088,logistic_regression
002286.SZ:2017,002286.SZ,train,0,0.011775075619645095,0.9626639978874088,logistic_regression
002286.SZ:2018,002286.SZ,train,0,0.02374937291770838,0.9626639978874088,logistic_regression
002286.SZ:2019,002286.SZ,train,0,0.07984034357216344,0.9626639978874088,logistic_regression
002286.SZ:2020,002286.SZ,train,0,0.08928451731467997,0.9626639978874088,logistic_regression
002286.SZ:2021,002286.SZ,train,0,0.14112065514860672,0.9626639978874088,logistic_regression
002286.SZ:2022,002286.SZ,validation,0,0.017290739832974394,0.9626639978874088,logistic_regression
002286.SZ:2023,002286.SZ,validation,0,0.011894642506065962,0.9626639978874088,logistic_regression
002286.SZ:2024,002286.SZ,test,0,0.017801450621229557,0.9626639978874088,logistic_regression
002286.SZ:2025,002286.SZ,test,0,0.009096148623244007,0.9626639978874088,logistic_regression
002290.SZ:2017,002290.SZ,train,0,0.08710683865141934,0.9626639978874088,logistic_regression
002290.SZ:2019,002290.SZ,train,1,0.7499059527272225,0.9626639978874088,logistic_regression
002290.SZ:2021,002290.SZ,train,0,0.17852446191551263,0.9626639978874088,logistic_regression
002290.SZ:2022,002290.SZ,validation,0,0.027414970137224458,0.9626639978874088,logistic_regression
002290.SZ:2023,002290.SZ,validation,0,0.07451537356464058,0.9626639978874088,logistic_regression
002290.SZ:2024,002290.SZ,test,0,0.14362364842477976,0.9626639978874088,logistic_regression
002290.SZ:2025,002290.SZ,test,0,0.15270553265691483,0.9626639978874088,logistic_regression
002293.SZ:2017,002293.SZ,train,0,0.001456568126006447,0.9626639978874088,logistic_regression
002293.SZ:2018,002293.SZ,train,0,0.0005420151275130531,0.9626639978874088,logistic_regression
002293.SZ:2019,002293.SZ,train,0,4.818020785084866e-05,0.9626639978874088,logistic_regression
002293.SZ:2020,002293.SZ,train,0,4.193925640710939e-05,0.9626639978874088,logistic_regression
002293.SZ:2021,002293.SZ,train,0,0.00023898325067250528,0.9626639978874088,logistic_regression
002293.SZ:2022,002293.SZ,validation,0,0.00029962626778256256,0.9626639978874088,logistic_regression
002293.SZ:2023,002293.SZ,validation,0,0.001061533042028985,0.9626639978874088,logistic_regression
002293.SZ:2024,002293.SZ,test,0,0.00179349616742633,0.9626639978874088,logistic_regression
002293.SZ:2025,002293.SZ,test,0,0.0015556566731283008,0.9626639978874088,logistic_regression
002294.SZ:2017,002294.SZ,train,0,2.767884689892306e-07,0.9626639978874088,logistic_regression
002294.SZ:2018,002294.SZ,train,0,2.499027340175859e-09,0.9626639978874088,logistic_regression
002294.SZ:2019,002294.SZ,train,0,4.518971008079479e-09,0.9626639978874088,logistic_regression
002294.SZ:2020,002294.SZ,train,0,6.834616141102871e-07,0.9626639978874088,logistic_regression
002294.SZ:2021,002294.SZ,train,0,0.0023416956497693503,0.9626639978874088,logistic_regression
002294.SZ:2022,002294.SZ,validation,0,9.546029534614229e-06,0.9626639978874088,logistic_regression
002294.SZ:2023,002294.SZ,validation,0,0.00037933103845358483,0.9626639978874088,logistic_regression
002294.SZ:2024,002294.SZ,test,0,9.587752344133087e-06,0.9626639978874088,logistic_regression
002294.SZ:2025,002294.SZ,test,0,2.2475659531117973e-05,0.9626639978874088,logistic_regression
002297.SZ:2019,002297.SZ,train,0,0.00875647568840056,0.9626639978874088,logistic_regression
002297.SZ:2020,002297.SZ,train,0,0.38321320143831444,0.9626639978874088,logistic_regression
002297.SZ:2021,002297.SZ,train,0,0.010689175046300133,0.9626639978874088,logistic_regression
002297.SZ:2022,002297.SZ,validation,0,0.001293146974392219,0.9626639978874088,logistic_regression
002297.SZ:2023,002297.SZ,validation,0,0.0027348116904328127,0.9626639978874088,logistic_regression
002297.SZ:2024,002297.SZ,test,0,0.009362257571248377,0.9626639978874088,logistic_regression
002308.SZ:2017,002308.SZ,train,0,0.0058995064367388245,0.9626639978874088,logistic_regression
002308.SZ:2018,002308.SZ,train,0,0.004851231856983381,0.9626639978874088,logistic_regression
002308.SZ:2019,002308.SZ,train,0,0.0022719474377362807,0.9626639978874088,logistic_regression
002308.SZ:2020,002308.SZ,train,0,0.970630075007523,0.9626639978874088,logistic_regression
002308.SZ:2021,002308.SZ,train,0,0.0021691160104163197,0.9626639978874088,logistic_regression
002308.SZ:2022,002308.SZ,validation,0,0.1349621506394347,0.9626639978874088,logistic_regression
002308.SZ:2023,002308.SZ,validation,0,3.850647247865958e-05,0.9626639978874088,logistic_regression
002309.SZ:2017,002309.SZ,train,0,0.08822562787597758,0.9626639978874088,logistic_regression
002309.SZ:2018,002309.SZ,train,0,0.2771619973997364,0.9626639978874088,logistic_regression
002309.SZ:2019,002309.SZ,train,0,0.900482121621044,0.9626639978874088,logistic_regression
002309.SZ:2020,002309.SZ,train,0,0.8118301102061516,0.9626639978874088,logistic_regression
002309.SZ:2021,002309.SZ,train,0,0.9937867584815293,0.9626639978874088,logistic_regression
002309.SZ:2022,002309.SZ,validation,1,0.99933335464423,0.9626639978874088,logistic_regression
002310.SZ:2018,002310.SZ,train,0,0.04163154727542775,0.9626639978874088,logistic_regression
002310.SZ:2019,002310.SZ,train,0,0.03185531118719331,0.9626639978874088,logistic_regression
002310.SZ:2022,002310.SZ,validation,0,0.6184856867364515,0.9626639978874088,logistic_regression
002310.SZ:2023,002310.SZ,validation,1,0.9626639978874088,0.9626639978874088,logistic_regression
002316.SZ:2017,002316.SZ,train,0,0.6097162180020835,0.9626639978874088,logistic_regression
002316.SZ:2019,002316.SZ,train,0,0.8925838416754718,0.9626639978874088,logistic_regression
002316.SZ:2021,002316.SZ,train,0,0.9892259565949146,0.9626639978874088,logistic_regression
002316.SZ:2023,002316.SZ,validation,0,0.8510412574148599,0.9626639978874088,logistic_regression
002316.SZ:2024,002316.SZ,test,1,0.6658753508594222,0.9626639978874088,logistic_regression
002320.SZ:2019,002320.SZ,train,0,1.5706224125546043e-08,0.9626639978874088,logistic_regression
002320.SZ:2020,002320.SZ,train,0,1.1967557967991065e-08,0.9626639978874088,logistic_regression
002320.SZ:2021,002320.SZ,train,0,2.9272734368681598e-09,0.9626639978874088,logistic_regression
002320.SZ:2022,002320.SZ,validation,0,0.00010798377085080993,0.9626639978874088,logistic_regression
002320.SZ:2023,002320.SZ,validation,0,8.178221688842206e-07,0.9626639978874088,logistic_regression
002320.SZ:2024,002320.SZ,test,0,3.9388313641224694e-07,0.9626639978874088,logistic_regression
002325.SZ:2017,002325.SZ,train,0,0.8445606045374526,0.9626639978874088,logistic_regression
002325.SZ:2018,002325.SZ,train,0,0.9287549881906386,0.9626639978874088,logistic_regression
002325.SZ:2021,002325.SZ,train,0,0.7086590910294989,0.9626639978874088,logistic_regression
002325.SZ:2022,002325.SZ,validation,0,0.914541695202547,0.9626639978874088,logistic_regression
002325.SZ:2023,002325.SZ,validation,0,0.9711907426991324,0.9626639978874088,logistic_regression
002325.SZ:2024,002325.SZ,test,1,0.9998965043725803,0.9626639978874088,logistic_regression
002332.SZ:2018,002332.SZ,train,0,0.03432493790754642,0.9626639978874088,logistic_regression
002332.SZ:2019,002332.SZ,train,0,0.015383914519879506,0.9626639978874088,logistic_regression
002332.SZ:2020,002332.SZ,train,0,0.012260768927602727,0.9626639978874088,logistic_regression
002332.SZ:2021,002332.SZ,train,0,0.0019928184429085357,0.9626639978874088,logistic_regression
002332.SZ:2022,002332.SZ,validation,0,0.0004330493411229165,0.9626639978874088,logistic_regression
002332.SZ:2023,002332.SZ,validation,0,2.416830510617963e-05,0.9626639978874088,logistic_regression
002332.SZ:2025,002332.SZ,test,0,0.00011863601451376045,0.9626639978874088,logistic_regression
002340.SZ:2017,002340.SZ,train,0,0.034338862326659565,0.9626639978874088,logistic_regression
002340.SZ:2018,002340.SZ,train,0,0.02984446210848453,0.9626639978874088,logistic_regression
002340.SZ:2020,002340.SZ,train,0,0.02463759325079749,0.9626639978874088,logistic_regression
002340.SZ:2021,002340.SZ,train,0,0.03745135476387825,0.9626639978874088,logistic_regression
002340.SZ:2022,002340.SZ,validation,0,0.03371265916129187,0.9626639978874088,logistic_regression
002340.SZ:2023,002340.SZ,validation,0,0.021519291654496016,0.9626639978874088,logistic_regression
002340.SZ:2024,002340.SZ,test,0,0.07958033687332741,0.9626639978874088,logistic_regression
002340.SZ:2025,002340.SZ,test,0,0.11726261985602768,0.9626639978874088,logistic_regression
002346.SZ:2017,002346.SZ,train,0,0.022729686060233633,0.9626639978874088,logistic_regression
002346.SZ:2018,002346.SZ,train,0,0.0005966991527713624,0.9626639978874088,logistic_regression
002346.SZ:2021,002346.SZ,train,0,0.014094775392437543,0.9626639978874088,logistic_regression
002346.SZ:2022,002346.SZ,validation,0,0.0066830927738971545,0.9626639978874088,logistic_regression
002346.SZ:2023,002346.SZ,validation,0,0.004654831316492123,0.9626639978874088,logistic_regression
002346.SZ:2024,002346.SZ,test,0,0.0322315030939082,0.9626639978874088,logistic_regression
002350.SZ:2017,002350.SZ,train,0,0.21353394644884643,0.9626639978874088,logistic_regression
002350.SZ:2018,002350.SZ,train,0,0.5012134460325594,0.9626639978874088,logistic_regression
002350.SZ:2019,002350.SZ,train,0,0.21570768224154255,0.9626639978874088,logistic_regression
002350.SZ:2020,002350.SZ,train,0,0.32525996466447643,0.9626639978874088,logistic_regression
002350.SZ:2021,002350.SZ,train,0,0.27050317048856204,0.9626639978874088,logistic_regression
002350.SZ:2023,002350.SZ,validation,0,0.33629496166277156,0.9626639978874088,logistic_regression
002350.SZ:2024,002350.SZ,test,0,0.6336154981425832,0.9626639978874088,logistic_regression
002350.SZ:2025,002350.SZ,test,0,0.2212899281539597,0.9626639978874088,logistic_regression
002360.SZ:2018,002360.SZ,train,0,0.004092458098882388,0.9626639978874088,logistic_regression
002360.SZ:2019,002360.SZ,train,0,1.152000863942184e-05,0.9626639978874088,logistic_regression
002360.SZ:2020,002360.SZ,train,0,0.00016714470425009334,0.9626639978874088,logistic_regression
002360.SZ:2021,002360.SZ,train,0,4.8287675673088016e-05,0.9626639978874088,logistic_regression
002360.SZ:2022,002360.SZ,validation,0,0.003468380208717236,0.9626639978874088,logistic_regression
002360.SZ:2023,002360.SZ,validation,0,0.04025388871475292,0.9626639978874088,logistic_regression
002360.SZ:2024,002360.SZ,test,0,0.0045544380416533605,0.9626639978874088,logistic_regression
002360.SZ:2025,002360.SZ,test,1,0.6299913952409278,0.9626639978874088,logistic_regression
002364.SZ:2017,002364.SZ,train,0,2.1696996271675113e-05,0.9626639978874088,logistic_regression
002364.SZ:2018,002364.SZ,train,0,0.0012832393961966584,0.9626639978874088,logistic_regression
002364.SZ:2019,002364.SZ,train,0,0.0010324371127807652,0.9626639978874088,logistic_regression
002364.SZ:2020,002364.SZ,train,0,0.04989941632808154,0.9626639978874088,logistic_regression
002364.SZ:2021,002364.SZ,train,0,0.09753447897476063,0.9626639978874088,logistic_regression
002364.SZ:2022,002364.SZ,validation,0,0.06492664217364834,0.9626639978874088,logistic_regression
002364.SZ:2023,002364.SZ,validation,0,0.25840649980225344,0.9626639978874088,logistic_regression
002364.SZ:2024,002364.SZ,test,0,0.10067796858304075,0.9626639978874088,logistic_regression
002364.SZ:2025,002364.SZ,test,0,0.11715924973617468,0.9626639978874088,logistic_regression
002365.SZ:2017,002365.SZ,train,0,1.72714437273536e-07,0.9626639978874088,logistic_regression
002365.SZ:2018,002365.SZ,train,0,6.868078755684384e-05,0.9626639978874088,logistic_regression
002365.SZ:2019,002365.SZ,train,0,3.963935948433817e-05,0.9626639978874088,logistic_regression
002365.SZ:2020,002365.SZ,train,0,1.9955027219598352e-05,0.9626639978874088,logistic_regression
002365.SZ:2021,002365.SZ,train,0,0.00031226226428571056,0.9626639978874088,logistic_regression
002365.SZ:2022,002365.SZ,validation,0,0.0006650519116107356,0.9626639978874088,logistic_regression
002365.SZ:2023,002365.SZ,validation,0,1.1480202535342252e-05,0.9626639978874088,logistic_regression
002365.SZ:2024,002365.SZ,test,0,0.0007019094917799346,0.9626639978874088,logistic_regression
002365.SZ:2025,002365.SZ,test,0,0.00034971707602017056,0.9626639978874088,logistic_regression
002374.SZ:2017,002374.SZ,train,0,0.006659505172973729,0.9626639978874088,logistic_regression
002374.SZ:2019,002374.SZ,train,0,0.9625234330465766,0.9626639978874088,logistic_regression
002374.SZ:2020,002374.SZ,train,0,0.45078058038691055,0.9626639978874088,logistic_regression
002374.SZ:2021,002374.SZ,train,0,0.9144777863723976,0.9626639978874088,logistic_regression
002374.SZ:2022,002374.SZ,validation,0,0.9996198035179452,0.9626639978874088,logistic_regression
002374.SZ:2023,002374.SZ,validation,0,0.9999277343454149,0.9626639978874088,logistic_regression
002374.SZ:2024,002374.SZ,test,0,0.9897303980175498,0.9626639978874088,logistic_regression
002374.SZ:2025,002374.SZ,test,0,0.9972172788024859,0.9626639978874088,logistic_regression
002378.SZ:2019,002378.SZ,train,0,0.016608781835408863,0.9626639978874088,logistic_regression
002378.SZ:2020,002378.SZ,train,0,0.29217591299423196,0.9626639978874088,logistic_regression
002378.SZ:2021,002378.SZ,train,0,0.06813873509067248,0.9626639978874088,logistic_regression
002378.SZ:2022,002378.SZ,validation,0,0.00826560367807922,0.9626639978874088,logistic_regression
002378.SZ:2023,002378.SZ,validation,0,0.004169190397063545,0.9626639978874088,logistic_regression
002378.SZ:2024,002378.SZ,test,0,0.008387289534658853,0.9626639978874088,logistic_regression
002378.SZ:2025,002378.SZ,test,0,0.012486525806039822,0.9626639978874088,logistic_regression
002380.SZ:2017,002380.SZ,train,0,0.0002678386020208578,0.9626639978874088,logistic_regression
002380.SZ:2018,002380.SZ,train,0,0.00044145727295684037,0.9626639978874088,logistic_regression
002380.SZ:2019,002380.SZ,train,0,0.0007961461867279049,0.9626639978874088,logistic_regression
002380.SZ:2020,002380.SZ,train,0,0.002260882406269681,0.9626639978874088,logistic_regression
002380.SZ:2022,002380.SZ,validation,0,0.024911862333729776,0.9626639978874088,logistic_regression
002380.SZ:2023,002380.SZ,validation,0,0.9819152373947974,0.9626639978874088,logistic_regression
002380.SZ:2024,002380.SZ,test,0,0.016370810017559963,0.9626639978874088,logistic_regression
002380.SZ:2025,002380.SZ,test,0,0.010004005214115916,0.9626639978874088,logistic_regression
002382.SZ:2017,002382.SZ,train,0,0.000110456286631527,0.9626639978874088,logistic_regression
002382.SZ:2018,002382.SZ,train,0,0.0005234994543395579,0.9626639978874088,logistic_regression
002382.SZ:2019,002382.SZ,train,0,0.016694321869637156,0.9626639978874088,logistic_regression
002382.SZ:2020,002382.SZ,train,0,0.01457015252054401,0.9626639978874088,logistic_regression
002382.SZ:2021,002382.SZ,train,0,0.0006794389044317787,0.9626639978874088,logistic_regression
002382.SZ:2022,002382.SZ,validation,0,0.001197708867015452,0.9626639978874088,logistic_regression
002382.SZ:2023,002382.SZ,validation,0,0.04936506945964006,0.9626639978874088,logistic_regression
002382.SZ:2024,002382.SZ,test,0,0.2770400899510762,0.9626639978874088,logistic_regression
002384.SZ:2017,002384.SZ,train,0,0.33511854575317296,0.9626639978874088,logistic_regression
002384.SZ:2018,002384.SZ,train,0,0.3397122788309084,0.9626639978874088,logistic_regression
002384.SZ:2019,002384.SZ,train,0,0.33140753531206624,0.9626639978874088,logistic_regression
002384.SZ:2020,002384.SZ,train,0,0.3628642056447503,0.9626639978874088,logistic_regression
002384.SZ:2021,002384.SZ,train,0,0.16904755025374976,0.9626639978874088,logistic_regression
002384.SZ:2022,002384.SZ,validation,0,0.137503389169334,0.9626639978874088,logistic_regression
002384.SZ:2023,002384.SZ,validation,0,0.09940026465230646,0.9626639978874088,logistic_regression
002384.SZ:2024,002384.SZ,test,0,0.12651502650996066,0.9626639978874088,logistic_regression
002384.SZ:2025,002384.SZ,test,0,0.2307896342632406,0.9626639978874088,logistic_regression
002391.SZ:2017,002391.SZ,train,0,0.00919540161136773,0.9626639978874088,logistic_regression
002391.SZ:2018,002391.SZ,train,0,0.0005283492233874289,0.9626639978874088,logistic_regression
002391.SZ:2019,002391.SZ,train,0,0.00015222228958947475,0.9626639978874088,logistic_regression
002391.SZ:2020,002391.SZ,train,0,0.00022918695923798062,0.9626639978874088,logistic_regression
002391.SZ:2021,002391.SZ,train,0,0.0028078220345391773,0.9626639978874088,logistic_regression
002391.SZ:2022,002391.SZ,validation,0,0.007328203506783058,0.9626639978874088,logistic_regression
002391.SZ:2023,002391.SZ,validation,0,0.006934841597255945,0.9626639978874088,logistic_regression
002391.SZ:2024,002391.SZ,test,0,0.017769608890546473,0.9626639978874088,logistic_regression
002391.SZ:2025,002391.SZ,test,0,0.09585953805360554,0.9626639978874088,logistic_regression
002396.SZ:2017,002396.SZ,train,0,0.0038376710282046885,0.9626639978874088,logistic_regression
002396.SZ:2021,002396.SZ,train,0,0.009727258761269866,0.9626639978874088,logistic_regression
002396.SZ:2022,002396.SZ,validation,0,0.002095149247663038,0.9626639978874088,logistic_regression
002396.SZ:2023,002396.SZ,validation,0,0.0012119373102960965,0.9626639978874088,logistic_regression
002396.SZ:2024,002396.SZ,test,0,0.009007344983642002,0.9626639978874088,logistic_regression
002396.SZ:2025,002396.SZ,test,0,0.009620847260057838,0.9626639978874088,logistic_regression
002402.SZ:2017,002402.SZ,train,0,0.014069966357238064,0.9626639978874088,logistic_regression
002402.SZ:2018,002402.SZ,train,0,0.018528782504092355,0.9626639978874088,logistic_regression
002402.SZ:2019,002402.SZ,train,0,0.052745303718957616,0.9626639978874088,logistic_regression
002402.SZ:2020,002402.SZ,train,0,0.02738656945015696,0.9626639978874088,logistic_regression
002402.SZ:2021,002402.SZ,train,0,0.02917260141792742,0.9626639978874088,logistic_regression
002402.SZ:2022,002402.SZ,validation,0,0.005773270986578624,0.9626639978874088,logistic_regression
002402.SZ:2023,002402.SZ,validation,0,0.005678108236687874,0.9626639978874088,logistic_regression
002402.SZ:2024,002402.SZ,test,0,0.05336557166973759,0.9626639978874088,logistic_regression
002402.SZ:2025,002402.SZ,test,0,0.16525713676926332,0.9626639978874088,logistic_regression
002405.SZ:2017,002405.SZ,train,0,0.06683845201731982,0.9626639978874088,logistic_regression
002405.SZ:2018,002405.SZ,train,0,0.22716894670298798,0.9626639978874088,logistic_regression
002405.SZ:2019,002405.SZ,train,0,0.016336291159045908,0.9626639978874088,logistic_regression
002405.SZ:2020,002405.SZ,train,0,0.009898628846554028,0.9626639978874088,logistic_regression
002405.SZ:2021,002405.SZ,train,0,0.2235653289170533,0.9626639978874088,logistic_regression
002405.SZ:2022,002405.SZ,validation,0,0.0022402634763272595,0.9626639978874088,logistic_regression
002405.SZ:2023,002405.SZ,validation,0,0.08972106787544225,0.9626639978874088,logistic_regression
002405.SZ:2024,002405.SZ,test,0,0.8521221979466337,0.9626639978874088,logistic_regression
002405.SZ:2025,002405.SZ,test,0,0.7565626969573602,0.9626639978874088,logistic_regression
002410.SZ:2017,002410.SZ,train,0,4.128556560519357e-06,0.9626639978874088,logistic_regression
002410.SZ:2018,002410.SZ,train,0,0.00018216906689205007,0.9626639978874088,logistic_regression
002410.SZ:2019,002410.SZ,train,0,0.008589617709428007,0.9626639978874088,logistic_regression
002410.SZ:2020,002410.SZ,train,0,0.2816510045128129,0.9626639978874088,logistic_regression
002410.SZ:2021,002410.SZ,train,0,0.05251981620246589,0.9626639978874088,logistic_regression
002410.SZ:2022,002410.SZ,validation,0,0.04189903729625446,0.9626639978874088,logistic_regression
002410.SZ:2023,002410.SZ,validation,0,0.05172518694466194,0.9626639978874088,logistic_regression
002410.SZ:2025,002410.SZ,test,0,0.2787473844964668,0.9626639978874088,logistic_regression
002413.SZ:2017,002413.SZ,train,0,0.0007643262496102959,0.9626639978874088,logistic_regression
002413.SZ:2018,002413.SZ,train,0,0.010006955076951875,0.9626639978874088,logistic_regression
002413.SZ:2020,002413.SZ,train,0,0.023972366010863,0.9626639978874088,logistic_regression
002413.SZ:2021,002413.SZ,train,0,0.04426842680120906,0.9626639978874088,logistic_regression
002413.SZ:2022,002413.SZ,validation,0,0.2737805674333697,0.9626639978874088,logistic_regression
002413.SZ:2023,002413.SZ,validation,0,0.9835856689498487,0.9626639978874088,logistic_regression
002413.SZ:2024,002413.SZ,test,0,0.6595078826468354,0.9626639978874088,logistic_regression
002413.SZ:2025,002413.SZ,test,0,0.7174834438882697,0.9626639978874088,logistic_regression
002418.SZ:2019,002418.SZ,train,1,0.9973322224342687,0.9626639978874088,logistic_regression
002418.SZ:2022,002418.SZ,validation,0,0.5240392846162795,0.9626639978874088,logistic_regression
002418.SZ:2024,002418.SZ,test,0,0.25645241492037435,0.9626639978874088,logistic_regression
002418.SZ:2025,002418.SZ,test,0,0.7503528001276873,0.9626639978874088,logistic_regression
002426.SZ:2022,002426.SZ,validation,0,0.14213130267899404,0.9626639978874088,logistic_regression
002426.SZ:2023,002426.SZ,validation,0,0.4842651457821059,0.9626639978874088,logistic_regression
002426.SZ:2024,002426.SZ,test,0,0.9699203403215984,0.9626639978874088,logistic_regression
002426.SZ:2025,002426.SZ,test,0,0.9115053521391936,0.9626639978874088,logistic_regression
002429.SZ:2017,002429.SZ,train,0,0.07539553196018729,0.9626639978874088,logistic_regression
002429.SZ:2018,002429.SZ,train,0,0.016947976322752797,0.9626639978874088,logistic_regression
002429.SZ:2019,002429.SZ,train,0,0.1281708245249756,0.9626639978874088,logistic_regression
002429.SZ:2020,002429.SZ,train,0,0.01564713363154476,0.9626639978874088,logistic_regression
002429.SZ:2022,002429.SZ,validation,0,0.3068236105424573,0.9626639978874088,logistic_regression
002429.SZ:2023,002429.SZ,validation,0,0.1267009075092169,0.9626639978874088,logistic_regression
002429.SZ:2024,002429.SZ,test,0,0.017192012277008888,0.9626639978874088,logistic_regression
002429.SZ:2025,002429.SZ,test,0,0.012486447848183311,0.9626639978874088,logistic_regression
002433.SZ:2017,002433.SZ,train,0,0.00010877010622415753,0.9626639978874088,logistic_regression
002433.SZ:2018,002433.SZ,train,0,0.000682627714465786,0.9626639978874088,logistic_regression
002433.SZ:2019,002433.SZ,train,0,0.0018633586970952987,0.9626639978874088,logistic_regression
002434.SZ:2017,002434.SZ,train,0,0.07963095932031816,0.9626639978874088,logistic_regression
002434.SZ:2018,002434.SZ,train,0,0.007914263206604474,0.9626639978874088,logistic_regression
